redshift_derivative_order,ell,s_Mpc_h,value,jackknife_sigma
0.000000000000000000e+00,0.000000000000000000e+00,4.200000000000000000e+01,3.592853789248704605e-02,1.090431159619869184e-03
0.000000000000000000e+00,0.000000000000000000e+00,4.600000000000000000e+01,2.643322733509982994e-02,1.023121204174805201e-03
0.000000000000000000e+00,0.000000000000000000e+00,5.000000000000000000e+01,2.026417782177578064e-02,9.107277499533543647e-04
0.000000000000000000e+00,0.000000000000000000e+00,5.400000000000000000e+01,1.565591124389597438e-02,8.604969641746072154e-04
0.000000000000000000e+00,0.000000000000000000e+00,5.800000000000000000e+01,1.237700179287417462e-02,7.719667229723011816e-04
0.000000000000000000e+00,0.000000000000000000e+00,6.200000000000000000e+01,1.020556162502461554e-02,8.142431224926078301e-04
0.000000000000000000e+00,0.000000000000000000e+00,6.600000000000000000e+01,8.244361702808396947e-03,7.186036248275900085e-04
0.000000000000000000e+00,0.000000000000000000e+00,7.000000000000000000e+01,6.499575596583464544e-03,7.201530193078264572e-04
0.000000000000000000e+00,0.000000000000000000e+00,7.400000000000000000e+01,4.832525254665287831e-03,6.894760166710037263e-04
0.000000000000000000e+00,0.000000000000000000e+00,7.800000000000000000e+01,3.556051913963276766e-03,6.433573752451717410e-04
0.000000000000000000e+00,0.000000000000000000e+00,8.200000000000000000e+01,2.427844547238152545e-03,5.591555175211529753e-04
0.000000000000000000e+00,0.000000000000000000e+00,8.600000000000000000e+01,2.296208928458786085e-03,5.503169822556726537e-04
0.000000000000000000e+00,0.000000000000000000e+00,9.000000000000000000e+01,2.527293116942027143e-03,5.254618652238066253e-04
0.000000000000000000e+00,0.000000000000000000e+00,9.400000000000000000e+01,2.899423210701559429e-03,5.223080408764500934e-04
0.000000000000000000e+00,0.000000000000000000e+00,9.800000000000000000e+01,3.262640611781229653e-03,5.098197635333570968e-04
0.000000000000000000e+00,0.000000000000000000e+00,1.020000000000000000e+02,3.533583906904426419e-03,4.808580830596471825e-04
0.000000000000000000e+00,0.000000000000000000e+00,1.060000000000000000e+02,3.031612496059631675e-03,4.583339151779672674e-04
0.000000000000000000e+00,0.000000000000000000e+00,1.100000000000000000e+02,2.030428052636704377e-03,4.256641112905522090e-04
0.000000000000000000e+00,0.000000000000000000e+00,1.140000000000000000e+02,1.378308299464766316e-03,4.207168219790698941e-04
0.000000000000000000e+00,0.000000000000000000e+00,1.180000000000000000e+02,6.616921896941104289e-04,3.673923953969790153e-04
0.000000000000000000e+00,0.000000000000000000e+00,1.220000000000000000e+02,-9.716505698161381310e-05,3.612816230945532477e-04
0.000000000000000000e+00,0.000000000000000000e+00,1.260000000000000000e+02,-4.465051042397893619e-04,3.526703115033554144e-04
0.000000000000000000e+00,0.000000000000000000e+00,1.300000000000000000e+02,-1.195097555871842045e-03,3.929078172241985342e-04
0.000000000000000000e+00,0.000000000000000000e+00,1.340000000000000000e+02,-1.097009171815896281e-03,3.747105319154579099e-04
0.000000000000000000e+00,0.000000000000000000e+00,1.380000000000000000e+02,-1.160190859460767058e-03,3.598656274217815871e-04
0.000000000000000000e+00,0.000000000000000000e+00,1.420000000000000000e+02,-1.073053373551503343e-03,3.626054793391592416e-04
0.000000000000000000e+00,0.000000000000000000e+00,1.460000000000000000e+02,-1.059509769818681819e-03,3.490488232307448267e-04
0.000000000000000000e+00,0.000000000000000000e+00,1.500000000000000000e+02,-9.064555480044295078e-04,3.452857416087377700e-04
0.000000000000000000e+00,0.000000000000000000e+00,1.540000000000000000e+02,-8.656133902722038713e-04,3.128820983062475863e-04
0.000000000000000000e+00,0.000000000000000000e+00,1.580000000000000000e+02,-1.126780095416369219e-03,3.143400003769151628e-04
0.000000000000000000e+00,2.000000000000000000e+00,4.200000000000000000e+01,-4.288705266836180530e-02,1.680892795388815161e-03
0.000000000000000000e+00,2.000000000000000000e+00,4.600000000000000000e+01,-3.796662213904575950e-02,1.647218950003653207e-03
0.000000000000000000e+00,2.000000000000000000e+00,5.000000000000000000e+01,-3.156426340162450661e-02,1.485020948268971248e-03
0.000000000000000000e+00,2.000000000000000000e+00,5.400000000000000000e+01,-2.737863190325818402e-02,1.587500116566284772e-03
0.000000000000000000e+00,2.000000000000000000e+00,5.800000000000000000e+01,-2.152728106208344830e-02,1.458006513890088875e-03
0.000000000000000000e+00,2.000000000000000000e+00,6.200000000000000000e+01,-1.958013002827302743e-02,1.466274388107797252e-03
0.000000000000000000e+00,2.000000000000000000e+00,6.600000000000000000e+01,-1.713161428492726221e-02,1.336990840961889459e-03
0.000000000000000000e+00,2.000000000000000000e+00,7.000000000000000000e+01,-1.525277926432153097e-02,1.238169308991189307e-03
0.000000000000000000e+00,2.000000000000000000e+00,7.400000000000000000e+01,-1.352008879443913035e-02,1.149651554206032860e-03
0.000000000000000000e+00,2.000000000000000000e+00,7.800000000000000000e+01,-1.197804676621129147e-02,1.110078150457467685e-03
0.000000000000000000e+00,2.000000000000000000e+00,8.200000000000000000e+01,-1.034250748699538057e-02,1.197525034299137380e-03
0.000000000000000000e+00,2.000000000000000000e+00,8.600000000000000000e+01,-8.500694206366411418e-03,1.110176339027020261e-03
0.000000000000000000e+00,2.000000000000000000e+00,9.000000000000000000e+01,-7.327411962827204070e-03,1.163699981453472556e-03
0.000000000000000000e+00,2.000000000000000000e+00,9.400000000000000000e+01,-7.256793965217795545e-03,1.139360909237385972e-03
0.000000000000000000e+00,2.000000000000000000e+00,9.800000000000000000e+01,-7.506860872715417042e-03,1.075437225480664789e-03
0.000000000000000000e+00,2.000000000000000000e+00,1.020000000000000000e+02,-6.845969473638224487e-03,1.078951926085565524e-03
0.000000000000000000e+00,2.000000000000000000e+00,1.060000000000000000e+02,-6.109016353007807112e-03,1.041728203210704135e-03
0.000000000000000000e+00,2.000000000000000000e+00,1.100000000000000000e+02,-6.217878490182878262e-03,1.078615142289921598e-03
0.000000000000000000e+00,2.000000000000000000e+00,1.140000000000000000e+02,-5.987486925430848470e-03,1.074448311730088123e-03
0.000000000000000000e+00,2.000000000000000000e+00,1.180000000000000000e+02,-4.984558119806086970e-03,9.466276853521822477e-04
0.000000000000000000e+00,2.000000000000000000e+00,1.220000000000000000e+02,-5.233735333699553009e-03,9.981413131000744284e-04
0.000000000000000000e+00,2.000000000000000000e+00,1.260000000000000000e+02,-4.903765864715659353e-03,9.261634132325989935e-04
0.000000000000000000e+00,2.000000000000000000e+00,1.300000000000000000e+02,-4.443738357351390694e-03,8.696721792268328555e-04
0.000000000000000000e+00,2.000000000000000000e+00,1.340000000000000000e+02,-3.974375433876492503e-03,8.527877760499021076e-04
0.000000000000000000e+00,2.000000000000000000e+00,1.380000000000000000e+02,-2.857891513104206249e-03,9.358207179889486450e-04
0.000000000000000000e+00,2.000000000000000000e+00,1.420000000000000000e+02,-2.634233423063326272e-03,8.321373818172704464e-04
0.000000000000000000e+00,2.000000000000000000e+00,1.460000000000000000e+02,-3.035778803110063088e-03,7.935781349135480767e-04
0.000000000000000000e+00,2.000000000000000000e+00,1.500000000000000000e+02,-2.865520510512610357e-03,8.014878401545319150e-04
0.000000000000000000e+00,2.000000000000000000e+00,1.540000000000000000e+02,-2.945513361330547811e-03,7.355482385995226659e-04
0.000000000000000000e+00,2.000000000000000000e+00,1.580000000000000000e+02,-2.639475746433495810e-03,7.323385128284954021e-04
0.000000000000000000e+00,4.000000000000000000e+00,4.200000000000000000e+01,2.592884381281747655e-03,1.810078824357294136e-03
0.000000000000000000e+00,4.000000000000000000e+00,4.600000000000000000e+01,1.214451434026800249e-03,1.758836691144204534e-03
0.000000000000000000e+00,4.000000000000000000e+00,5.000000000000000000e+01,2.177840401143792126e-03,1.659027700454430336e-03
0.000000000000000000e+00,4.000000000000000000e+00,5.400000000000000000e+01,1.375479339021535002e-03,1.524485883503228813e-03
0.000000000000000000e+00,4.000000000000000000e+00,5.800000000000000000e+01,1.501025301711613608e-05,1.457872612770668439e-03
0.000000000000000000e+00,4.000000000000000000e+00,6.200000000000000000e+01,8.629324356823385792e-04,1.443341122717227767e-03
0.000000000000000000e+00,4.000000000000000000e+00,6.600000000000000000e+01,1.428098233955444902e-03,1.447099858221398113e-03
0.000000000000000000e+00,4.000000000000000000e+00,7.000000000000000000e+01,8.352167491758855609e-04,1.434555881886170978e-03
0.000000000000000000e+00,4.000000000000000000e+00,7.400000000000000000e+01,2.260130694627391149e-03,1.311039152702192642e-03
0.000000000000000000e+00,4.000000000000000000e+00,7.800000000000000000e+01,1.996042319856581714e-03,1.346383514317644504e-03
0.000000000000000000e+00,4.000000000000000000e+00,8.200000000000000000e+01,1.897685012263270994e-03,1.325891349920987851e-03
0.000000000000000000e+00,4.000000000000000000e+00,8.600000000000000000e+01,5.195260314078185924e-04,1.163955063704936012e-03
0.000000000000000000e+00,4.000000000000000000e+00,9.000000000000000000e+01,6.408943366888583595e-04,1.138572034296550647e-03
0.000000000000000000e+00,4.000000000000000000e+00,9.400000000000000000e+01,3.502833573030810638e-04,1.225848337014037639e-03
0.000000000000000000e+00,4.000000000000000000e+00,9.800000000000000000e+01,-2.906206280083095325e-04,1.114833323732850609e-03
0.000000000000000000e+00,4.000000000000000000e+00,1.020000000000000000e+02,3.597661253770360890e-04,1.116923851316457784e-03
0.000000000000000000e+00,4.000000000000000000e+00,1.060000000000000000e+02,-1.990914337967547923e-04,1.211928517567333529e-03
0.000000000000000000e+00,4.000000000000000000e+00,1.100000000000000000e+02,8.241947894887962679e-04,1.161493183001748941e-03
0.000000000000000000e+00,4.000000000000000000e+00,1.140000000000000000e+02,3.613040551517492788e-04,1.096846521008637337e-03
0.000000000000000000e+00,4.000000000000000000e+00,1.180000000000000000e+02,2.624028633369562998e-04,1.133257868410822997e-03
0.000000000000000000e+00,4.000000000000000000e+00,1.220000000000000000e+02,-8.736136871110788352e-04,1.080168386366665715e-03
0.000000000000000000e+00,4.000000000000000000e+00,1.260000000000000000e+02,-4.620086903641415846e-05,1.061628621448775693e-03
0.000000000000000000e+00,4.000000000000000000e+00,1.300000000000000000e+02,9.238144519909908745e-04,1.045474100148265561e-03
0.000000000000000000e+00,4.000000000000000000e+00,1.340000000000000000e+02,1.179298801189924148e-03,1.076256445849989351e-03
0.000000000000000000e+00,4.000000000000000000e+00,1.380000000000000000e+02,1.887564107564713425e-03,1.011473089038433023e-03
0.000000000000000000e+00,4.000000000000000000e+00,1.420000000000000000e+02,2.344410572586435194e-03,9.650012583771886213e-04
0.000000000000000000e+00,4.000000000000000000e+00,1.460000000000000000e+02,1.788949049172336089e-03,8.977485028931181778e-04
0.000000000000000000e+00,4.000000000000000000e+00,1.500000000000000000e+02,1.647342604887343112e-03,9.374384767980340708e-04
0.000000000000000000e+00,4.000000000000000000e+00,1.540000000000000000e+02,2.034955709657965389e-03,8.795621480353773246e-04
0.000000000000000000e+00,4.000000000000000000e+00,1.580000000000000000e+02,1.454942309510513223e-03,8.977000579904371872e-04
1.000000000000000000e+00,0.000000000000000000e+00,4.200000000000000000e+01,-4.714833742852578800e-03,5.247673981961486524e-03
1.000000000000000000e+00,0.000000000000000000e+00,4.600000000000000000e+01,-9.916153396524532426e-03,5.272136031574189627e-03
1.000000000000000000e+00,0.000000000000000000e+00,5.000000000000000000e+01,-6.728750896010335728e-03,4.652789945023760691e-03
1.000000000000000000e+00,0.000000000000000000e+00,5.400000000000000000e+01,-5.638737103625851392e-03,5.005475289741408498e-03
1.000000000000000000e+00,0.000000000000000000e+00,5.800000000000000000e+01,-5.700789544986387125e-03,4.377837955946165850e-03
1.000000000000000000e+00,0.000000000000000000e+00,6.200000000000000000e+01,-3.629071348442583153e-03,4.061218095709251408e-03
1.000000000000000000e+00,0.000000000000000000e+00,6.600000000000000000e+01,2.326645983091901303e-03,3.742132446228735396e-03
1.000000000000000000e+00,0.000000000000000000e+00,7.000000000000000000e+01,4.037576071505155281e-03,3.906995600244610872e-03
1.000000000000000000e+00,0.000000000000000000e+00,7.400000000000000000e+01,2.675467179643154902e-03,3.203244878657902136e-03
1.000000000000000000e+00,0.000000000000000000e+00,7.800000000000000000e+01,4.876636143892291476e-03,3.396691216339005163e-03
1.000000000000000000e+00,0.000000000000000000e+00,8.200000000000000000e+01,2.547235321116766114e-03,3.088435253158713662e-03
1.000000000000000000e+00,0.000000000000000000e+00,8.600000000000000000e+01,4.670702125900429505e-03,3.333067570930410475e-03
1.000000000000000000e+00,0.000000000000000000e+00,9.000000000000000000e+01,6.089539225983450418e-03,3.230607770053780647e-03
1.000000000000000000e+00,0.000000000000000000e+00,9.400000000000000000e+01,5.659981693767660201e-03,2.965784247706939117e-03
1.000000000000000000e+00,0.000000000000000000e+00,9.800000000000000000e+01,7.201174162108380829e-03,2.859039228398965390e-03
1.000000000000000000e+00,0.000000000000000000e+00,1.020000000000000000e+02,5.652128951224939281e-03,2.951668275548046793e-03
1.000000000000000000e+00,0.000000000000000000e+00,1.060000000000000000e+02,3.751603500525382915e-03,3.019952832780144550e-03
1.000000000000000000e+00,0.000000000000000000e+00,1.100000000000000000e+02,2.244713711314702195e-03,2.691656277042227003e-03
1.000000000000000000e+00,0.000000000000000000e+00,1.140000000000000000e+02,3.355568802000745508e-03,2.830485566999569030e-03
1.000000000000000000e+00,0.000000000000000000e+00,1.180000000000000000e+02,2.495250885670436802e-03,2.574842528220908783e-03
1.000000000000000000e+00,0.000000000000000000e+00,1.220000000000000000e+02,3.743252446132478914e-03,2.403839010030035892e-03
1.000000000000000000e+00,0.000000000000000000e+00,1.260000000000000000e+02,4.339389349674753482e-03,2.380820732990943187e-03
1.000000000000000000e+00,0.000000000000000000e+00,1.300000000000000000e+02,2.366869364132293506e-03,2.188461061364936188e-03
1.000000000000000000e+00,0.000000000000000000e+00,1.340000000000000000e+02,4.998303957238039649e-03,2.307185480298679092e-03
1.000000000000000000e+00,0.000000000000000000e+00,1.380000000000000000e+02,4.903027915081008270e-03,2.225923455865694463e-03
1.000000000000000000e+00,0.000000000000000000e+00,1.420000000000000000e+02,2.390579231740085769e-03,2.232625786691069727e-03
1.000000000000000000e+00,0.000000000000000000e+00,1.460000000000000000e+02,9.294633884433431935e-04,2.028825333900896675e-03
1.000000000000000000e+00,0.000000000000000000e+00,1.500000000000000000e+02,6.067706920782768142e-04,1.939735493290884643e-03
1.000000000000000000e+00,0.000000000000000000e+00,1.540000000000000000e+02,9.480538384709317080e-04,1.966817244120349847e-03
1.000000000000000000e+00,0.000000000000000000e+00,1.580000000000000000e+02,4.840305413445526121e-04,1.970932014667659774e-03
1.000000000000000000e+00,2.000000000000000000e+00,4.200000000000000000e+01,1.440912200979640664e-02,1.074069713510108354e-02
1.000000000000000000e+00,2.000000000000000000e+00,4.600000000000000000e+01,3.599026012162812385e-03,9.210487086346832303e-03
1.000000000000000000e+00,2.000000000000000000e+00,5.000000000000000000e+01,4.229913774453896921e-03,9.068268570486747240e-03
1.000000000000000000e+00,2.000000000000000000e+00,5.400000000000000000e+01,4.017619597370927949e-03,9.390732183111615006e-03
1.000000000000000000e+00,2.000000000000000000e+00,5.800000000000000000e+01,9.177917173429639419e-03,7.487904254722172262e-03
1.000000000000000000e+00,2.000000000000000000e+00,6.200000000000000000e+01,1.362513221903615540e-02,7.927318628107901666e-03
1.000000000000000000e+00,2.000000000000000000e+00,6.600000000000000000e+01,1.123216348981807833e-02,8.143667115590025665e-03
1.000000000000000000e+00,2.000000000000000000e+00,7.000000000000000000e+01,4.668880836670965401e-03,8.383102430669118338e-03
1.000000000000000000e+00,2.000000000000000000e+00,7.400000000000000000e+01,7.974093463971546752e-03,7.895231310757771029e-03
1.000000000000000000e+00,2.000000000000000000e+00,7.800000000000000000e+01,1.790517663618703976e-03,8.191856065029732431e-03
1.000000000000000000e+00,2.000000000000000000e+00,8.200000000000000000e+01,4.901216568971382068e-03,7.260466650950124674e-03
1.000000000000000000e+00,2.000000000000000000e+00,8.600000000000000000e+01,1.753067143759110165e-03,7.497740585925465398e-03
1.000000000000000000e+00,2.000000000000000000e+00,9.000000000000000000e+01,1.458153473723087894e-03,7.298326647294807977e-03
1.000000000000000000e+00,2.000000000000000000e+00,9.400000000000000000e+01,1.743582709119703093e-03,7.122486445036936911e-03
1.000000000000000000e+00,2.000000000000000000e+00,9.800000000000000000e+01,1.023809162370463086e-04,6.737084490285008727e-03
1.000000000000000000e+00,2.000000000000000000e+00,1.020000000000000000e+02,-5.457968867925728357e-04,6.821571412665820150e-03
1.000000000000000000e+00,2.000000000000000000e+00,1.060000000000000000e+02,1.342301425281279765e-03,6.780902496698646732e-03
1.000000000000000000e+00,2.000000000000000000e+00,1.100000000000000000e+02,3.234374258344465541e-03,6.369008802329753638e-03
1.000000000000000000e+00,2.000000000000000000e+00,1.140000000000000000e+02,-6.343421536816919171e-03,6.089329608038648173e-03
1.000000000000000000e+00,2.000000000000000000e+00,1.180000000000000000e+02,-4.186899244408158645e-04,5.593691317327096485e-03
1.000000000000000000e+00,2.000000000000000000e+00,1.220000000000000000e+02,1.186189427135821107e-03,5.287422428256056441e-03
1.000000000000000000e+00,2.000000000000000000e+00,1.260000000000000000e+02,1.325393185497483056e-04,5.647279602436171969e-03
1.000000000000000000e+00,2.000000000000000000e+00,1.300000000000000000e+02,1.341120852242362084e-03,5.330390286577237589e-03
1.000000000000000000e+00,2.000000000000000000e+00,1.340000000000000000e+02,8.512600297673085775e-04,5.461440872690251358e-03
1.000000000000000000e+00,2.000000000000000000e+00,1.380000000000000000e+02,1.267943980970045320e-03,5.518294236627776378e-03
1.000000000000000000e+00,2.000000000000000000e+00,1.420000000000000000e+02,1.638885701506571663e-03,5.441479060878962395e-03
1.000000000000000000e+00,2.000000000000000000e+00,1.460000000000000000e+02,-1.979233089389470599e-03,5.050273444429777790e-03
1.000000000000000000e+00,2.000000000000000000e+00,1.500000000000000000e+02,-2.249393193989996081e-04,5.125757656682892842e-03
1.000000000000000000e+00,2.000000000000000000e+00,1.540000000000000000e+02,-8.564393586779814847e-04,4.631173762564814826e-03
1.000000000000000000e+00,2.000000000000000000e+00,1.580000000000000000e+02,2.390871588445198960e-03,4.341896626850633503e-03
1.000000000000000000e+00,4.000000000000000000e+00,4.200000000000000000e+01,-2.091574398458220449e-02,1.110747873760565933e-02
1.000000000000000000e+00,4.000000000000000000e+00,4.600000000000000000e+01,-1.826394843919144917e-02,1.096396755255517851e-02
1.000000000000000000e+00,4.000000000000000000e+00,5.000000000000000000e+01,-2.007910765315532031e-02,1.162945263162967757e-02
1.000000000000000000e+00,4.000000000000000000e+00,5.400000000000000000e+01,-1.433590785228468917e-02,1.084649611018754893e-02
1.000000000000000000e+00,4.000000000000000000e+00,5.800000000000000000e+01,-1.210051609244304147e-02,9.554024257214579000e-03
1.000000000000000000e+00,4.000000000000000000e+00,6.200000000000000000e+01,-1.261072987173235058e-02,9.889963332806873952e-03
1.000000000000000000e+00,4.000000000000000000e+00,6.600000000000000000e+01,-8.718481637052365868e-03,8.600864004763857443e-03
1.000000000000000000e+00,4.000000000000000000e+00,7.000000000000000000e+01,-7.051273303034514411e-03,8.315446579728675430e-03
1.000000000000000000e+00,4.000000000000000000e+00,7.400000000000000000e+01,-1.085094744510538799e-02,7.595265902547299400e-03
1.000000000000000000e+00,4.000000000000000000e+00,7.800000000000000000e+01,-6.814817246036218232e-03,7.834110232094114792e-03
1.000000000000000000e+00,4.000000000000000000e+00,8.200000000000000000e+01,-8.130442537832627270e-03,7.204474608435599420e-03
1.000000000000000000e+00,4.000000000000000000e+00,8.600000000000000000e+01,-1.194788834103280642e-02,7.588659916206929971e-03
1.000000000000000000e+00,4.000000000000000000e+00,9.000000000000000000e+01,-1.434748143907901320e-02,7.951969761243161960e-03
1.000000000000000000e+00,4.000000000000000000e+00,9.400000000000000000e+01,-1.180415318914764151e-03,8.606733272784029831e-03
1.000000000000000000e+00,4.000000000000000000e+00,9.800000000000000000e+01,-6.569371341343660867e-03,7.477966546659556984e-03
1.000000000000000000e+00,4.000000000000000000e+00,1.020000000000000000e+02,-6.354397839197440181e-03,8.017042964211526859e-03
1.000000000000000000e+00,4.000000000000000000e+00,1.060000000000000000e+02,-1.030554164021430658e-02,7.567716894174322632e-03
1.000000000000000000e+00,4.000000000000000000e+00,1.100000000000000000e+02,1.979477228968676370e-03,7.289736702250983712e-03
1.000000000000000000e+00,4.000000000000000000e+00,1.140000000000000000e+02,3.267586051588219648e-03,7.215855346050061188e-03
1.000000000000000000e+00,4.000000000000000000e+00,1.180000000000000000e+02,3.133147080942254824e-03,6.808695014920015769e-03
1.000000000000000000e+00,4.000000000000000000e+00,1.220000000000000000e+02,2.100363054683724619e-03,6.984205946562287159e-03
1.000000000000000000e+00,4.000000000000000000e+00,1.260000000000000000e+02,5.482462862203649201e-03,6.753607976080060540e-03
1.000000000000000000e+00,4.000000000000000000e+00,1.300000000000000000e+02,-1.163263973479897705e-03,6.811917871357191928e-03
1.000000000000000000e+00,4.000000000000000000e+00,1.340000000000000000e+02,-3.826955028709054605e-03,5.937479828858689863e-03
1.000000000000000000e+00,4.000000000000000000e+00,1.380000000000000000e+02,-1.349882518433560136e-04,5.815372733728873741e-03
1.000000000000000000e+00,4.000000000000000000e+00,1.420000000000000000e+02,-6.021604861430481480e-04,5.410231887854308891e-03
1.000000000000000000e+00,4.000000000000000000e+00,1.460000000000000000e+02,4.373694211427489251e-03,5.447177087135057078e-03
1.000000000000000000e+00,4.000000000000000000e+00,1.500000000000000000e+02,2.992385792490784117e-03,4.984647867519436532e-03
1.000000000000000000e+00,4.000000000000000000e+00,1.540000000000000000e+02,3.279270545513030943e-03,5.830813190154877750e-03
1.000000000000000000e+00,4.000000000000000000e+00,1.580000000000000000e+02,2.233237159275976418e-03,5.937405686875082619e-03
2.000000000000000000e+00,0.000000000000000000e+00,4.200000000000000000e+01,8.782790137677682143e-03,7.040637650643415124e-02
2.000000000000000000e+00,0.000000000000000000e+00,4.600000000000000000e+01,-7.014416123659651670e-02,6.848342185776976065e-02
2.000000000000000000e+00,0.000000000000000000e+00,5.000000000000000000e+01,-9.756913926069595011e-02,6.234410871178295427e-02
2.000000000000000000e+00,0.000000000000000000e+00,5.400000000000000000e+01,-5.477189701263388694e-02,6.273500763981852690e-02
2.000000000000000000e+00,0.000000000000000000e+00,5.800000000000000000e+01,-5.147762934870692142e-02,5.636184438845839167e-02
2.000000000000000000e+00,0.000000000000000000e+00,6.200000000000000000e+01,-5.421266407259546505e-02,5.438593436108760115e-02
2.000000000000000000e+00,0.000000000000000000e+00,6.600000000000000000e+01,-1.783953779143572158e-02,5.266177525205836818e-02
2.000000000000000000e+00,0.000000000000000000e+00,7.000000000000000000e+01,9.828560513550139988e-03,4.769389749676259532e-02
2.000000000000000000e+00,0.000000000000000000e+00,7.400000000000000000e+01,-3.126864822939397909e-02,4.698708321687461442e-02
2.000000000000000000e+00,0.000000000000000000e+00,7.800000000000000000e+01,1.399028228272721462e-02,3.988085125158181282e-02
2.000000000000000000e+00,0.000000000000000000e+00,8.200000000000000000e+01,-3.328285704258179822e-04,3.929028056102089328e-02
2.000000000000000000e+00,0.000000000000000000e+00,8.600000000000000000e+01,2.079887352212948445e-02,3.575917602553099761e-02
2.000000000000000000e+00,0.000000000000000000e+00,9.000000000000000000e+01,1.293413983121793724e-02,3.392982756474497569e-02
2.000000000000000000e+00,0.000000000000000000e+00,9.400000000000000000e+01,3.840258488476255838e-02,3.559796584711355516e-02
2.000000000000000000e+00,0.000000000000000000e+00,9.800000000000000000e+01,6.028800375844600018e-02,3.560379897484647338e-02
2.000000000000000000e+00,0.000000000000000000e+00,1.020000000000000000e+02,4.098864058136544863e-02,3.259255733505057873e-02
2.000000000000000000e+00,0.000000000000000000e+00,1.060000000000000000e+02,4.001816639216091570e-02,3.338124087018583264e-02
2.000000000000000000e+00,0.000000000000000000e+00,1.100000000000000000e+02,3.732711751335977823e-02,3.096177396910828467e-02
2.000000000000000000e+00,0.000000000000000000e+00,1.140000000000000000e+02,1.707019222605935319e-02,3.315831437275582744e-02
2.000000000000000000e+00,0.000000000000000000e+00,1.180000000000000000e+02,5.486459140333415849e-03,3.070699620498183041e-02
2.000000000000000000e+00,0.000000000000000000e+00,1.220000000000000000e+02,1.179802016671298998e-02,2.757246266211383495e-02
2.000000000000000000e+00,0.000000000000000000e+00,1.260000000000000000e+02,1.866135703611550983e-02,2.780772951166260096e-02
2.000000000000000000e+00,0.000000000000000000e+00,1.300000000000000000e+02,1.645940672110936601e-02,2.504099083521537511e-02
2.000000000000000000e+00,0.000000000000000000e+00,1.340000000000000000e+02,2.226048408915962812e-02,2.678047693656559688e-02
2.000000000000000000e+00,0.000000000000000000e+00,1.380000000000000000e+02,4.880476542097712117e-02,2.661811729504686558e-02
2.000000000000000000e+00,0.000000000000000000e+00,1.420000000000000000e+02,1.194843831867720141e-02,2.432664319028695135e-02
2.000000000000000000e+00,0.000000000000000000e+00,1.460000000000000000e+02,8.826723811653853363e-03,2.151242132793078007e-02
2.000000000000000000e+00,0.000000000000000000e+00,1.500000000000000000e+02,2.499988976048863470e-02,2.206897509831314344e-02
2.000000000000000000e+00,0.000000000000000000e+00,1.540000000000000000e+02,-1.675660761290446651e-02,2.166951474804321501e-02
2.000000000000000000e+00,0.000000000000000000e+00,1.580000000000000000e+02,-2.248182344414422634e-02,2.118833394713652216e-02
2.000000000000000000e+00,2.000000000000000000e+00,4.200000000000000000e+01,1.272281955631574812e-01,1.272917278507303684e-01
2.000000000000000000e+00,2.000000000000000000e+00,4.600000000000000000e+01,6.225214508806482805e-03,1.212940138263337714e-01
2.000000000000000000e+00,2.000000000000000000e+00,5.000000000000000000e+01,3.066913202490192253e-02,1.151088411101573727e-01
2.000000000000000000e+00,2.000000000000000000e+00,5.400000000000000000e+01,1.101627914707805078e-01,1.156734501117015756e-01
2.000000000000000000e+00,2.000000000000000000e+00,5.800000000000000000e+01,8.581696150755419028e-02,9.782205590313286514e-02
2.000000000000000000e+00,2.000000000000000000e+00,6.200000000000000000e+01,-1.799627709430733774e-02,1.104966192788660040e-01
2.000000000000000000e+00,2.000000000000000000e+00,6.600000000000000000e+01,-6.148076207510965591e-02,9.886737635187436979e-02
2.000000000000000000e+00,2.000000000000000000e+00,7.000000000000000000e+01,-1.178352946037364291e-01,8.783263774719025918e-02
2.000000000000000000e+00,2.000000000000000000e+00,7.400000000000000000e+01,3.333739497225503279e-02,9.348394081840735725e-02
2.000000000000000000e+00,2.000000000000000000e+00,7.800000000000000000e+01,3.909209324207513214e-02,7.286675310358016466e-02
2.000000000000000000e+00,2.000000000000000000e+00,8.200000000000000000e+01,2.850523591572479143e-02,8.028273653191449200e-02
2.000000000000000000e+00,2.000000000000000000e+00,8.600000000000000000e+01,-1.962169166807735746e-03,8.014221191980412662e-02
2.000000000000000000e+00,2.000000000000000000e+00,9.000000000000000000e+01,-1.019091751316803136e-02,8.441365039353736222e-02
2.000000000000000000e+00,2.000000000000000000e+00,9.400000000000000000e+01,8.080243453818872212e-04,7.518299442341894179e-02
2.000000000000000000e+00,2.000000000000000000e+00,9.800000000000000000e+01,5.802207534495198993e-02,7.166341093756517511e-02
2.000000000000000000e+00,2.000000000000000000e+00,1.020000000000000000e+02,8.387310674403361532e-02,7.276926402149865025e-02
2.000000000000000000e+00,2.000000000000000000e+00,1.060000000000000000e+02,1.585928868561872762e-01,7.476066456880237077e-02
2.000000000000000000e+00,2.000000000000000000e+00,1.100000000000000000e+02,1.788945509951564983e-01,7.548227202242303868e-02
2.000000000000000000e+00,2.000000000000000000e+00,1.140000000000000000e+02,9.776780657098112226e-02,7.348971901121728600e-02
2.000000000000000000e+00,2.000000000000000000e+00,1.180000000000000000e+02,1.325782562245311214e-01,6.603222548782720913e-02
2.000000000000000000e+00,2.000000000000000000e+00,1.220000000000000000e+02,1.474029589496780590e-01,6.508924946110503096e-02
2.000000000000000000e+00,2.000000000000000000e+00,1.260000000000000000e+02,6.865971671786161301e-02,6.571345077732362872e-02
2.000000000000000000e+00,2.000000000000000000e+00,1.300000000000000000e+02,1.033756147760387240e-01,6.015161729628972637e-02
2.000000000000000000e+00,2.000000000000000000e+00,1.340000000000000000e+02,4.987951904460741215e-02,6.156958592337533759e-02
2.000000000000000000e+00,2.000000000000000000e+00,1.380000000000000000e+02,5.546359292543249359e-02,6.106073745288206900e-02
2.000000000000000000e+00,2.000000000000000000e+00,1.420000000000000000e+02,6.594509915878656037e-02,6.457011538803260342e-02
2.000000000000000000e+00,2.000000000000000000e+00,1.460000000000000000e+02,3.621311819414310684e-02,6.346468860547059554e-02
2.000000000000000000e+00,2.000000000000000000e+00,1.500000000000000000e+02,4.581654085875434823e-02,6.530609684951656224e-02
2.000000000000000000e+00,2.000000000000000000e+00,1.540000000000000000e+02,3.650455161457961950e-02,5.847823535397401323e-02
2.000000000000000000e+00,2.000000000000000000e+00,1.580000000000000000e+02,-2.548292905186447244e-03,5.756826405471616309e-02
2.000000000000000000e+00,4.000000000000000000e+00,4.200000000000000000e+01,-2.043054341358280790e-01,1.394644284814242075e-01
2.000000000000000000e+00,4.000000000000000000e+00,4.600000000000000000e+01,-1.988040644805553758e-01,1.251331714983412169e-01
2.000000000000000000e+00,4.000000000000000000e+00,5.000000000000000000e+01,-1.378906226363188769e-01,1.140046464243609364e-01
2.000000000000000000e+00,4.000000000000000000e+00,5.400000000000000000e+01,-1.069727147434714892e-01,1.159358660170281136e-01
2.000000000000000000e+00,4.000000000000000000e+00,5.800000000000000000e+01,2.311746710796101084e-02,1.264698504731287532e-01
2.000000000000000000e+00,4.000000000000000000e+00,6.200000000000000000e+01,-5.996340846918066236e-02,1.096859299185910658e-01
2.000000000000000000e+00,4.000000000000000000e+00,6.600000000000000000e+01,6.990438982721747241e-02,9.594172127412327333e-02
2.000000000000000000e+00,4.000000000000000000e+00,7.000000000000000000e+01,-8.862596679465750693e-02,1.050027379399244704e-01
2.000000000000000000e+00,4.000000000000000000e+00,7.400000000000000000e+01,5.383645184338855388e-02,1.068931546340033262e-01
2.000000000000000000e+00,4.000000000000000000e+00,7.800000000000000000e+01,-2.835585882881414693e-02,9.789126027495746729e-02
2.000000000000000000e+00,4.000000000000000000e+00,8.200000000000000000e+01,-1.491957218761499199e-02,8.837796431135147568e-02
2.000000000000000000e+00,4.000000000000000000e+00,8.600000000000000000e+01,-8.469380607116995877e-03,8.614061746786956519e-02
2.000000000000000000e+00,4.000000000000000000e+00,9.000000000000000000e+01,-3.262970491416921498e-02,9.118713734100900026e-02
2.000000000000000000e+00,4.000000000000000000e+00,9.400000000000000000e+01,6.845295310851694237e-02,8.681451448578397789e-02
2.000000000000000000e+00,4.000000000000000000e+00,9.800000000000000000e+01,3.479940690282212062e-02,8.429965271551850825e-02
2.000000000000000000e+00,4.000000000000000000e+00,1.020000000000000000e+02,7.066966807355007374e-02,7.927876367820212156e-02
2.000000000000000000e+00,4.000000000000000000e+00,1.060000000000000000e+02,-1.806995363181709835e-02,8.221495769461735492e-02
2.000000000000000000e+00,4.000000000000000000e+00,1.100000000000000000e+02,4.307737832430037772e-02,7.787199368923176934e-02
2.000000000000000000e+00,4.000000000000000000e+00,1.140000000000000000e+02,9.151408547412152872e-02,7.520142233172943946e-02
2.000000000000000000e+00,4.000000000000000000e+00,1.180000000000000000e+02,5.325506916797471957e-02,8.084349294261737595e-02
2.000000000000000000e+00,4.000000000000000000e+00,1.220000000000000000e+02,3.111699902365086534e-02,8.220024084794930186e-02
2.000000000000000000e+00,4.000000000000000000e+00,1.260000000000000000e+02,2.787057242369715693e-02,8.343785784453709720e-02
2.000000000000000000e+00,4.000000000000000000e+00,1.300000000000000000e+02,5.228704885255151119e-03,7.436724433753182095e-02
2.000000000000000000e+00,4.000000000000000000e+00,1.340000000000000000e+02,-3.810656197247505594e-02,8.073091249980719752e-02
2.000000000000000000e+00,4.000000000000000000e+00,1.380000000000000000e+02,-6.618853188149004252e-02,7.235859303474295734e-02
2.000000000000000000e+00,4.000000000000000000e+00,1.420000000000000000e+02,-4.076998071038184790e-02,7.455930399599128289e-02
2.000000000000000000e+00,4.000000000000000000e+00,1.460000000000000000e+02,-5.986155072659761489e-02,7.223996129707585534e-02
2.000000000000000000e+00,4.000000000000000000e+00,1.500000000000000000e+02,-8.219439922904452078e-02,7.033249707216653046e-02
2.000000000000000000e+00,4.000000000000000000e+00,1.540000000000000000e+02,-9.179439441548718770e-02,6.694993605408423865e-02
2.000000000000000000e+00,4.000000000000000000e+00,1.580000000000000000e+02,-6.579293904607205756e-02,6.280890966796522090e-02
