z,DM_over_rd,DM_over_rd_jk_sigma,DH_over_rd,DH_over_rd_jk_sigma,dDM_over_rd_dz,dDM_over_rd_dz_jk_sigma,dDH_over_rd_dz,dDH_over_rd_dz_jk_sigma,d2DM_over_rd_dz2,d2DM_over_rd_dz2_jk_sigma,d2DH_over_rd_dz2,d2DH_over_rd_dz2_jk_sigma,S2,S2_formal_sigma,S1_pivot,S1_pivot_formal_sigma,S0_pivot,S0_pivot_formal_sigma
4.000000000000000222e-01,1.139600009549439541e+01,4.837478019418548492e-01,2.171195031165526856e+01,1.657795753984861342e+00,1.755421782817947474e+01,2.335118544295299525e+00,8.949360494767931939e+00,1.055844760347228117e+01,-2.065951214247909817e+01,3.134138255439198328e+00,-5.858131297250006497e+01,1.863096370978870553e+01,-2.194222983972254681e+00,5.232923611564791466e-01,3.721043547530758833e+00,1.914386454331580278e+00,-4.598493361528848133e-01,9.473504711138009959e-01
4.038888888888889084e-01,1.146411203570179715e+01,4.768370897138087261e-01,2.174630982730218776e+01,1.621726447151936368e+00,1.747523052750773687e+01,2.340976329496364361e+00,8.721100350434591419e+00,1.049089228148578812e+01,-1.996372791462390950e+01,3.015205330110769300e+00,-5.880842377952376410e+01,1.907094556607201241e+01,-2.196774111401849527e+00,5.214044606568888351e-01,3.684208062374188852e+00,1.880771661506256631e+00,-4.161045121213780007e-01,9.167489918894147216e-01
4.077777777777777946e-01,1.153192204657462483e+01,4.699613382839123998e-01,2.177977996534617944e+01,1.586079716287014829e+00,1.739893515119077350e+01,2.346013514848786397e+00,8.491970954763608859e+00,1.042159583832348702e+01,-1.927506894212786293e+01,2.911272990049431630e+00,-5.902835138664188719e+01,1.950705438298175309e+01,-2.199491588191705649e+00,5.195436615345488951e-01,3.647757877734000509e+00,1.847743837182789006e+00,-3.734282829628070566e-01,8.870146203756912318e-01
4.116666666666666807e-01,1.159944054320125417e+01,4.631260601703098279e-01,2.181235739975951660e+01,1.550869779777292345e+00,1.732530427894964831e+01,2.350245571764490560e+00,8.262000301399952562e+00,1.035058056536954396e+01,-1.859338690790081827e+01,2.822951915986851468e+00,-5.924106568895036418e+01,1.993907518412045832e+01,-2.202381209524040262e+00,5.177122167604086833e-01,3.611683599721260407e+00,1.815288828219681738e+00,-3.317951103689253944e-01,8.581219438442035941e-01
4.155555555555555669e-01,1.166667783515217671e+01,4.563367827536123356e-01,2.184403891360284078e+01,1.516111168801241194e+00,1.725431106343214083e+01,2.353687685045828371e+00,8.031216498412625526e+00,1.027786925995579281e+01,-1.791853547431200511e+01,2.750727955248734258e+00,-5.944653794531976843e+01,2.036680489584556852e+01,-2.205448977507432406e+00,5.159124993346690946e-01,3.575975955304208309e+00,1.783392756035097726e+00,-2.911801740087689438e-01,8.300463868973835257e-01
4.194444444444444531e-01,1.173364412869316098e+01,4.495990503804951355e-01,2.187482139945988635e+01,1.481818743493166890e+00,1.718592922259226441e+01,2.356354753529429580e+00,7.799647762984117882e+00,1.020348522228315957e+01,-1.725037024347842873e+01,2.694910670793659868e+00,-5.964474078195795670e+01,2.079005121539995216e+01,-2.208701110647553367e+00,5.141470098091052154e-01,3.540625788287097286e+00,1.752042007100404586e+00,-2.515593500151378503e-01,8.027641811130415972e-01
4.233333333333333393e-01,1.180034952896912515e+01,4.429184259941725821e-01,2.190470185985137164e+01,1.448007708786478887e+00,1.712013303222298077e+01,2.358261391566322196e+00,7.567322416086447845e+00,1.012745225250885994e+01,-1.658874871818160912e+01,2.655588079572628768e+00,-5.983564819569181736e+01,2.120863163223365078e+01,-2.212144053839801394e+00,5.124183844795279219e-01,3.505624055350503809e+00,1.721223226005664575e+00,-2.129091901810802323e-01,7.762523386492029553e-01
4.272222222222222254e-01,1.186680404215922202e+01,4.363004922168225441e-01,2.193367740762833051e+01,1.414693629622461923e+00,1.705689731863973435e+01,2.359421931250393456e+00,7.334268877145098564e+00,1.004979464802326383e+01,-1.593353026339949352e+01,2.632595345107078266e+00,-6.001923555696826185e+01,2.162237257977299620e+01,-2.215784488917706518e+00,5.107294038170969719e-01,3.470961822150678167e+00,1.690923307401074771e+00,-1.752069018412198975e-01,7.504886250408585591e-01
4.311111111111111116e-01,1.193301757760375459e+01,4.297508518013514744e-01,2.196174526634452562e+01,1.381892445142152370e+00,1.699619745151241901e+01,2.359850425320055844e+00,7.100515658691773702e+00,9.970537200942397149e+00,-1.528457606844022365e+01,2.625503809398014976e+00,-6.019547961257329405e+01,2.203110869855773757e+01,-2.219629345793518560e+00,5.090830021437218189e-01,3.436630259475634386e+00,1.661129388478679969e+00,-1.384303284140249168e-01,7.254515335353358685e-01
4.350000000000000533e-01,1.199899994990356333e+01,4.232751273619759780e-01,2.198890277060818477e+01,1.349620481399044891e+00,1.693800933684340038e+01,2.359560650669829673e+00,6.866091361007116589e+00,9.889705195844006980e+00,-1.464174910966512044e+01,2.633633343223143353e+00,-6.036435848806884508e+01,2.243468219469811231e+01,-2.223685814230132785e+00,5.074822773124915143e-01,3.402620639455621099e+00,1.631828841387015450e+00,-1.025579305817263531e-01,7.011202603179664816e-01
4.388888888888888840e-01,1.206476088099232058e+01,4.168789602854248710e-01,2.201514736641274084e+01,1.317894462039127967e+00,1.688230941008940889e+01,2.358566112418181149e+00,6.631024666754568919e+00,9.807324407777558761e+00,-1.400491411378841633e+01,2.656086480103957648e+00,-6.052585168994645670e+01,2.283294228011849469e+01,-2.227961356286502159e+00,5.059305010955836845e-01,3.368924331825786211e+00,1.603009266310190251e+00,-6.756876808574019400e-02,6.774746806568168189e-01
4.427777777777778256e-01,1.213031000218237132e+01,4.105680087169695236e-01,2.204047661144683090e+01,1.286731516291340638e+00,1.682907462942511145e+01,2.356880048487102641e+00,6.395344335606293562e+00,9.723421100580878829e+00,-1.337393752174106254e+01,2.691798673228751770e+00,-6.067994010749779932e+01,2.322574468314478224e+01,-2.232463719481941666e+00,5.044311311469933390e-01,3.335532800238696360e+00,1.574658483590657632e+00,-3.344248211600708842e-02,6.544953258252093065e-01
4.466666666666667118e-01,1.219565685190388926e+01,4.043479443667012396e-01,2.206488817538326330e+01,1.256149183496124921e+00,1.677828247166398157e+01,2.354515433642174305e+00,6.159079198862522198e+00,9.638022025538996118e+00,-1.274868746357865135e+01,2.739596611321497566e+00,-6.082660601440085912e+01,2.361295121973489941e+01,-2.237200950728239768e+00,5.029878227072609453e-01,3.302437598624638593e+00,1.546764527839380010e+00,-1.592782737682707506e-04,6.321633608996517495e-01
4.505555555555555980e-01,1.226081088862115287e+01,3.982244486704027975e-01,2.208837984014713740e+01,1.226165413272232163e+00,1.672991091928861351e+01,2.351484987614107958e+00,5.922258154065133340e+00,9.551154420423774383e+00,-1.212903369656911501e+01,2.798256392417723060e+00,-6.096583307002196506e+01,2.399442941710689325e+01,-2.242181411082367237e+00,5.016044418787755088e-01,3.269630367597423426e+00,1.519315640400024980e+00,3.230008991225163939e-02,6.104605636456681417e-01
4.544444444444444842e-01,1.232578148577031030e+01,3.922032070549623661e-01,2.211094950016292771e+01,1.196798560283903523e+00,1.668393845841913148e+01,2.347801179292019480e+00,5.684910159606834767e+00,9.462846008956242727e+00,-1.151484758809744591e+01,2.866555060118780585e+00,-6.109760632043259676e+01,2.437005218273895224e+01,-2.247413791376733805e+00,5.002850794462084805e-01,3.237102830903660688e+00,1.492300263060863275e+00,6.395433693524932295e-02,5.893693036762529536e-01
4.583333333333333703e-01,1.239057793212585779e+01,3.862899019963301761e-01,2.213259516258067805e+01,1.168067372423648109e+00,1.664034407349589983e+01,2.343476232697096595e+00,5.447064229336909591e+00,9.373125000737147161e+00,-1.090600208547135708e+01,2.943311650932217471e+00,-6.122191219914118676e+01,2.473969751273852680e+01,-2.252907128788525171e+00,4.990340662698830587e-01,3.204846791913312565e+00,1.465707031682317085e+00,9.482166074386233490e-02,5.688725230999764904e-01
4.622222222222222565e-01,1.245520943569196071e+01,3.804902046587194109e-01,2.215331494748115304e+01,1.139990971074115622e+00,1.659910724004473792e+01,2.338522134173829148e+00,5.208749427164638846e+00,9.282020091695450503e+00,-1.030237167758199845e+01,3.027416492371699519e+00,-6.133873852753907840e+01,2.510324823444021547e+01,-2.258670824414625855e+00,4.978559885402603080e-01,3.172854130149531660e+00,1.439524769069919996e+00,1.249197576774485619e-01,5.489537165141129549e-01
4.661111111111111427e-01,1.251968512560063296e+01,3.748097648097161172e-01,2.217310708806002495e+01,1.112588821960826868e+00,1.656020791874617970e+01,2.332950639493043710e+00,4.969994861661602314e+00,9.189560465108881360e+00,-9.703832361906419735e+00,3.117849438060761535e+00,-6.144807451506055429e+01,2.546059177881855362e+01,-2.264714661924084993e+00,4.967557059625472005e-01,3.141116797855672438e+00,1.413742479619924719e+00,1.542658369202736246e-01,5.295969133336473345e-01
4.700000000000000289e-01,1.258401405398715411e+01,3.692541989596986318e-01,2.219196993079104629e+01,1.085880694963464732e+00,1.652362654963212663e+01,2.326773281337276345e+00,4.730829680663880765e+00,9.095775793255555186e+00,-9.110261611993738740e+00,3.213688851612757524e+00,-6.154991075905660836e+01,2.581161997891779336e+01,-2.271048827366005440e+00,4.957383694735232882e-01,3.109626816597516719e+00,1.388349343206033648e+00,1.828766344910015551e-01,5.107866601102869497e-01
4.738888888888889150e-01,1.264820519784312403e+01,3.638290766175781843e-01,2.220990193556830405e+01,1.059886611126844569e+00,1.648934404640808182e+01,2.320001377170381129e+00,4.491283065875289360e+00,9.000696239761339257e+00,-8.521538345424675143e+00,3.314113557242018171e+00,-6.164423924438241187e+01,2.615622889102223425e+01,-2.277683930217263342e+00,4.948094409969955310e-01,3.078376273898625559e+00,1.363334708095998549e+00,2.107684267833802583e-01,4.925080025517863946e-01
4.777777777777778012e-01,1.271226746084767711e+01,3.585399045704799614e-01,2.222690167582736009e+01,1.034626775016346256e+00,1.645734179089890148e+01,2.312646037497593898e+00,4.251384227472834176e+00,8.904352462713466920e+00,-7.937542892233381941e+00,3.418399897791642772e+00,-6.173105334269778410e+01,2.649431863573400747e+01,-2.284631025761567180e+00,4.939747148759192630e-01,3.047357319906965678e+00,1.338688086555075207e+00,2.379570436733151606e-01,4.747464698600533106e-01
4.816666666666666874e-01,1.277620967517737327e+01,3.533921091160275862e-01,2.224296783864556559e+01,1.010121490512408515e+00,1.642760162761669207e+01,2.304718174526351859e+00,4.011162398715380384e+00,8.806775618617894708e+00,-7.358156963781912197e+00,3.525915709896474404e+00,-6.181034781148134982e+01,2.682579325650397450e+01,-2.291901638899186633e+00,4.932403406063168294e-01,3.016562164090717424e+00,1.314399147996845096e+00,2.644578812071112228e-01,4.574880585859599225e-01
4.855555555555555736e-01,1.284004060329512953e+01,3.483910162033736491e-01,2.225809922482131853e+01,9.863910581538388733e-01,1.640010585844876800e+01,2.296228511242439208e+00,3.770646830556730666e+00,8.707997367285138068e+00,-6.783263622076725063e+00,3.636112611489152879e+00,-6.188211879275757354e+01,2.715056059348351170e+01,-2.299507789495233379e+00,4.926128464928922202e-01,2.985983071961433755e+00,1.290457713894333169e+00,2.902859138849667175e-01,4.407192171338176756e-01
4.894444444444444597e-01,1.290376893971880712e+01,3.435418294735150813e-01,2.227229474893238859e+01,9.634556522416543034e-01,1.637483723746403541e+01,2.287187590920037206e+00,3.529866786264259648e+00,8.608049877737727229e+00,-6.212747249517200032e+00,3.748517600136498817e+00,-6.194636381153694060e+01,2.746853217084215970e+01,-2.307462019383752949e+00,4.920991662455176385e-01,2.955612361822598011e+00,1.266853751916425797e+00,3.154557065534169258e-01,4.244268306316147377e-01
4.933333333333333459e-01,1.296740331276975589e+01,3.388496062305310641e-01,2.228555343937339472e+01,9.413351761283837993e-01,1.635177896583635615e+01,2.277605787088694544e+00,3.288851536044076429e+00,8.506965835241711460e+00,-5.646493519066912548e+00,3.862724628792823189e+00,-6.200308177396951237e+01,2.777962309593298684e+01,-2.315777421155276627e+00,4.917066665405863124e-01,2.925442401541636261e+00,1.243577370830189821e+00,3.399814259198374877e-01,4.085982078228843073e-01
4.972222222222222321e-01,1.303095228630186853e+01,3.343192314239591956e-01,2.229787443837232885e+01,9.200490944664078130e-01,1.633091468688298065e+01,2.267493313984223491e+00,3.047630351674044391e+00,8.404778449574649812e+00,-5.084389364837259784e+00,3.978386570926929711e+00,-6.205227296521159275e+01,2.808375196889161529e+01,-2.324467668866777803e+00,4.914431769028159702e-01,2.895465605343561677e+00,1.220618814770550342e+00,3.638768517017156867e-01,3.932210660874793096e-01
5.011111111111111738e-01,1.309442436141160293e+01,3.299553897773734867e-01,2.230925700198623574e+01,8.996162416965424180e-01,1.631222848121660007e+01,2.256860237515268874e+00,2.806232501145521141e+00,8.301521464654262772e+00,-4.526322953074559230e+00,4.095207803891196541e+00,-6.209393904700588251e+01,2.838084080143081422e+01,-2.333547050825546254e+00,4.913170216724652706e-01,2.865674430624352453e+00,1.197968458280379789e+00,3.871553874228392811e-01,3.782835185285640112e-01
5.050000000000000044e-01,1.315782797812929239e+01,3.257625362593084550e-01,2.231970050007610240e+01,8.800546067433900888e-01,1.629570486200952928e+01,2.245716486781887511e+00,2.564687243315229459e+00,8.197229169664401738e+00,-3.972183653541022430e+00,4.212937514829945940e+00,-6.212808305497524231e+01,2.867081494374466288e+01,-2.343030504612271692e+00,4.913370540499690797e-01,2.836061374782174571e+00,1.175616800905238568e+00,4.098300708682227622e-01,3.637740614037520137e-01
5.088888888888889461e-01,1.322117151709229965e+01,3.217448651581788499e-01,2.232920441626094643e+01,8.613810947579646493e-01,1.628132877036837556e+01,2.234071866187186117e+00,2.323023822567993779e+00,8.091936411829243170e+00,-3.421862011280499161e+00,4.331363753145541118e+00,-6.215470939563037689e+01,2.895360301856755214e+01,-2.352933654523864604e+00,4.915126931597691984e-01,2.806618972064630846e+00,1.153554462207354359e+00,4.319135842090990884e-01,3.496815617767187745e-01
5.127777777777777768e-01,1.328446330120041097e+01,3.179062780913800013e-01,2.233776834785117771e+01,8.436112678091293171e-01,1.626908557081777928e+01,2.221936068188628433e+00,2.081271463491921825e+00,7.985678611002589911e+00,-2.875249718759875339e+00,4.450308204960232494e+00,-6.217382384309177468e+01,2.922913686154748092e+01,-2.363272851633359206e+00,4.918539630912962535e-01,2.777339790430196409e+00,1.131772176982277722e+00,4.534182638088626316e-01,3.359952453819427531e-01
5.166666666666667185e-01,1.334771159725383249e+01,3.142503513477026278e-01,2.234539200576128692e+01,8.267590676550699014e-01,1.625896104689180888e+01,2.209318686740819437e+00,1.839459365566648019e+00,7.878491776256613122e+00,-2.332239588377503559e+00,4.569621638114124806e+00,-6.218543353552619379e+01,2.949735146719226009e+01,-2.374065216682890167e+00,4.923715350950521041e-01,2.748216428421976776e+00,1.110260789730967534e+00,4.743561097205806210e-01,3.227046851004588546e-01
5.205555555555555491e-01,1.341092461757427756e+01,3.107803030290410828e-01,2.235207521440186440e+01,8.108365250843747596e-01,1.625094139683149308e+01,2.196229231487743849e+00,1.597616697866176994e+00,7.770412524674401133e+00,-1.792725525329531111e+00,4.689179953563127334e+00,-6.218954697129819920e+01,2.975818493973366685e+01,-2.385328686046288560e+00,4.930767727498776010e-01,2.719241512051997489e+00,1.089011250257426511e+00,4.947387948861430296e-01,3.097997900536716420e-01
5.244444444444444908e-01,1.347411052160952849e+01,3.074989605186109753e-01,2.235781791155113751e+01,7.958534617398308475e-01,1.624501322938732883e+01,2.182677142768758127e+00,1.355772593777113233e+00,7.661478102572607085e+00,-1.256602500826004665e+00,4.808880775296863419e+00,-6.218617400483756086e+01,3.001157844833007715e+01,-2.397082061020769927e+00,4.939817807052240273e-01,2.690407691694159276e+00,1.068014608883174343e+00,5.145776740469313326e-01,2.972707948786927346e-01
5.283333333333333215e-01,1.353727741752185842e+01,3.044087288551354242e-01,2.236262014820589172e+01,7.818171917375987823e-01,1.624116355972512693e+01,2.168671807509547023e+00,1.113956145733618452e+00,7.551726409405425500e+00,-7.237665256478248432e-01,4.928640512463144496e+00,-6.217532584222243486e+01,3.025747618609339895e+01,-2.409345060732475119e+00,4.950994563080826638e-01,2.661707638984108115e+00,1.047262011540596394e+00,5.338837923753754211e-01,2.851082495405357631e-01
5.322222222222222632e-01,1.360043336376073597e+01,3.015115606321504549e-01,2.236648208841202390e+01,7.687322316592818394e-01,1.623937980543414383e+01,2.154222576076800344e+00,8.721963999700147463e-01,7.441196024628673023e+00,-1.941146240365445308e-01,5.048391831873484392e+00,-6.215701503647969162e+01,3.049582533248466731e+01,-2.422138378968872185e+00,4.964435459342805834e-01,2.633134043724129736e+00,1.026744694857274265e+00,5.526678938365437999e-01,2.733030090155538216e-01
5.361111111111112049e-01,1.366358637062023895e+01,2.988089280649449120e-01,2.236940400907469950e+01,7.566000284979211843e-01,1.623964978263607861e+01,2.139338780183462685e+00,6.305223512922611961e-01,7.329926237834114566e+00,3.324551920912757752e-01,5.168081484940655557e+00,-6.213125548260272524e+01,3.072657601867295440e+01,-2.435483745282372325e+00,4.980287047772578024e-01,2.604679610791307720e+00,1.006453982068022501e+00,5.709404292885527088e-01,2.618462239938470493e-01
5.400000000000000355e-01,1.372674440178144017e+01,2.963017978719394430e-01,2.237138629974822379e+01,7.454187157501870331e-01,1.624196170219375190e+01,2.124029751940247124e+00,3.889629378693454376e-01,7.217957082498704935e+00,8.560439486132603859e-01,5.287668439421185695e+00,-6.209806241228753976e+01,3.094968129549635094e+01,-2.449403990744460469e+00,4.998705618932502981e-01,2.576337057047103585e+00,9.863812780694493076e-01,5.887115643302370804e-01,2.507293315900445130e-01
5.438888888888888662e-01,1.378991537584037452e+01,2.939906095997946167e-01,2.237242946240568386e+01,7.351829079454557103e-01,1.624630416601820571e+01,2.108304844158797930e+00,1.475470360456544172e-01,7.105329373732766740e+00,1.376751734362070323e+00,5.407122272550151543e+00,-6.205745238838822075e+01,3.116509710370394615e+01,-2.463923118768640119e+00,5.019857890670033074e-01,2.548099108246565159e+00,9.665180646875664028e-01,6.059911869042636789e-01,2.399440460882426573e-01
5.477777777777778079e-01,1.385310716782169749e+01,2.918752579808967518e-01,2.237253411118848589e+01,7.258835433960819650e-01,1.625266616347308002e+01,2.092173452022383362e+00,-9.369654482448977473e-02,6.992084750454846898e+00,1.894677725985245864e+00,5.526421787958581966e+00,-6.200944329909241048e+01,3.137278224619150890e+01,-2.479066381464052782e+00,5.043921770144177419e-01,2.519958495945325172e+00,9.468558970617471093e-01,6.227889146635761097e-01,2.294823512057160564e-01
5.516666666666667496e-01,1.391632761067862667e+01,2.899550798478517377e-01,2.237170097213580178e+01,7.175077837939861647e-01,1.626103706787508330e+01,2.075645036251333675e+00,-3.347390675191098675e-01,6.878265722470191079e+00,2.409920212512409510e+00,5.645553824014319488e+00,-6.195405435181804421e+01,3.157269836197440682e+01,-2.494860362030347556e+00,5.071087154131637131e-01,2.491907954402584391e+00,9.273863979234041599e-01,6.391141021087441976e-01,2.193364902738973998e-01
5.555555555555555802e-01,1.397958449597663488e+01,2.882288460265028940e-01,2.236993088289412412e+01,7.100389774791291408e-01,1.627140663337768345e+01,2.058729147779795987e+00,-5.755518720666377153e-01,6.763915722985018419e+00,2.922576617843582802e+00,5.764512225291607450e+00,-6.189130606683234959e+01,3.176480990166895424e+01,-2.511333063758990125e+00,5.101556814435546094e-01,2.463940217478229666e+00,9.081012543022324301e-01,6.549758475035644123e-01,2.094989599708145522e-01
5.594444444444444109e-01,1.404288557298093565e+01,2.866947585243265206e-01,2.236722479240691897e+01,7.034566908430456289e-01,1.628376499246460440e+01,2.041435453994395299e+00,-8.161063808385534690e-01,6.649079167150537373e+00,3.432743519460562887e+00,5.883296952956628800e+00,-6.182122027059418201e+01,3.194908410427622059e+01,-2.528514006267438941e+00,5.135547343590167735e-01,2.436048015522286114e+00,8.889922124574037854e-01,6.703829995759900129e-01,1.999625010436916206e-01
5.633333333333333526e-01,1.410623856213114813e+01,2.853504535482611071e-01,2.236358376058454667e+01,6.977368095489261401e-01,1.629810264848514478e+01,2.023773769102402031e+00,-1.056374103615656423e+00,6.533801517300288353e+00,3.940516698948650642e+00,6.001913325514427910e+00,-6.174382008882100337e+01,3.212549097508503593e+01,-2.546434329661406704e+00,5.173290191388042469e-01,2.408224072254824932e+00,8.700510737821662843e-01,6.853441640111914701e-01,1.907200917702085718e-01
5.672222222222222943e-01,1.416965114283049409e+01,2.841930096050770405e-01,2.235900895795455767e+01,6.928517082447387399e-01,1.631441047745760287e+01,2.005754082709066743e+00,-1.296326642626778325e+00,6.418129355621858601e+00,4.445991134937372635e+00,6.120371343656925589e+00,-6.165912993928201757e+01,3.229400326452899606e+01,-2.565126907397913936e+00,5.215032785223553402e-01,2.380461101634493648e+00,8.512696904581249502e-01,6.998677097433461114e-01,1.817649404861687856e-01
5.711111111111111249e-01,1.423313095971632158e+01,2.832189615305717445e-01,2.235350166529235238e+01,6.887704844464367371e-01,1.633267972325894490e+01,1.987386593600153795e+00,-1.535935697558979740e+00,6.302110465091215197e+00,4.949261037142026254e+00,6.238685116747239690e+00,-6.156717552431818774e+01,3.245459644784926923e+01,-2.584626468709077418e+00,5.261039760768437823e-01,2.352751804713825390e+00,8.326399612961296048e-01,7.139617750524815953e-01,1.730904787094701969e-01
5.750000000000000666e-01,1.429668562408491717e+01,2.824243197604818234e-01,2.234706327323256403e+01,6.854592495093325688e-01,1.635290199467936390e+01,1.968681745331062549e+00,-1.775173070538163644e+00,6.185793919595147017e+00,5.450419869329044431e+00,6.356872361561736184e+00,-6.146798382309157915e+01,3.260724870543117504e+01,-2.604969731545124567e+00,5.311594298396031810e-01,2.325088866479381178e+00,8.141538265855554624e-01,7.276342734725639305e-01,1.646903537497699244e-01
5.788888888888888973e-01,1.436032271530497084e+01,2.818045946085261932e-01,2.233969528186100106e+01,6.828814672988341439e-01,1.637506926256559936e+01,1.949650264619351647e+00,-2.014010671078909187e+00,6.069230184275829387e+00,5.949560372039411682e+00,6.474953966253781168e+00,-6.136158308356463209e+01,3.275194090369405586e+01,-2.626195547106533912e+00,5.366999597097449337e-01,2.297464952674937777e+00,7.958032653480879848e-01,7.408928995166458309e-01,1.565584236438780363e-01
5.827777777777778390e-01,1.442404978222022827e+01,2.813548250971866227e-01,2.233139930028744402e+01,6.809983294813404253e-01,1.639917385705221875e+01,1.930303202803341334e+00,-2.252420521002749254e+00,5.952471227252360997e+00,6.446774585077299946e+00,6.592953610548971000e+00,-6.124800281421137527e+01,3.288865657642838869e+01,-2.648345057161418659e+00,5.427580491211586589e-01,2.269872706605728041e+00,7.775802896105552531e-01,7.537451342248694397e-01,1.486887495367634482e-01
5.866666666666666696e-01,1.448787434454143153e+01,2.810696117858407228e-01,2.232217704619943888e+01,6.797691553799577457e-01,1.642520846487985153e+01,1.910651980652789295e+00,-2.490374759323542353e+00,5.835570644008278407e+00,6.942153869770236518e+00,6.710897434506336801e+00,-6.112727377546272578e+01,3.301738190648325144e+01,-2.671461865487421150e+00,5.493685235119409871e-01,2.242304745921845033e+00,7.594769407244552628e-01,7.661982505407940458e-01,1.410755903380310761e-01
5.905555555555556113e-01,1.455180389422807785e+01,2.809431529616187584e-01,2.231203034539704433e+01,6.791518041033316466e-01,1.645316612679965473e+01,1.890708436842418960e+00,-2.727845647099179427e+00,5.718583795882269172e+00,7.435788931008061375e+00,6.828813749301538394e+00,-6.099942797088649371e+01,3.313810570771781983e+01,-2.695592224940223769e+00,5.565687472711424721e-01,2.214753659378900785e+00,7.414852852181533782e-01,7.782593185213386722e-01,1.337133966071308855e-01
5.944444444444444420e-01,1.461584589686018631e+01,2.809692835035683123e-01,2.230096113130887403e+01,6.791030871135362856e-01,1.648304023506293703e+01,1.870484880425181906e+00,-2.964805572248366605e+00,5.601567964262641475e+00,7.927769839066938218e+00,6.946732784436767894e+00,-6.086449863810519645e+01,3.325081940713887718e+01,-2.720785241836083834e+00,5.643988425298350764e-01,2.187212003573918206e+00,7.235974102825041276e-01,7.899352103855247220e-01,1.265968054306187418e-01
5.983333333333333837e-01,1.468000779300053438e+01,2.811415157014374167e-01,2.228897144448942669e+01,6.795791704479015038e-01,1.651482453099535519e+01,1.849994147669363764e+00,-3.201227054331729605e+00,5.484582522264338955e+00,8.418186051225138300e+00,7.064686466586930891e+00,-6.072252023945275567e+01,3.335551702715555678e+01,-2.747093099547384121e+00,5.729019325732432888e-01,2.159672299654531002e+00,7.058054194766899547e-01,8.012326054069092152e-01,1.197206343505378412e-01
6.022222222222222143e-01,1.474429699954757211e+01,2.814530813061694725e-01,2.227606343209791362e+01,6.805359573071724233e-01,1.654851310265471298e+01,1.829249663651713043e+00,-3.437082749295916173e+00,5.367689125861088151e+00,8.907126433177003477e+00,7.182708225972469052e+00,-6.057352845237245020e+01,3.345219516788745295e+01,-2.774571303451951021e+00,5.821244125984311735e-01,2.132127029999452361e+00,6.881014286034100591e-01,8.121579946545459672e-01,1.130798765660879640e-01
6.061111111111111560e-01,1.480872091107940491e+01,2.818969741084397240e-01,2.226223934735870813e+01,6.819294435077322136e-01,1.658410038257171948e+01,1.808265509027161100e+00,-3.672345454179992252e+00,5.250951926652752455e+00,9.394679280251573061e+00,7.300832826728893998e+00,-6.041756015955817105e+01,3.354085298947124727e+01,-2.803278949653935648e+00,5.921162531003700824e-01,2.104568634868207333e+00,6.704775613457932826e-01,8.227176855870259597e-01,1.066696959412234275e-01
6.100000000000000977e-01,1.487328690118913777e+01,2.824659923815056595e-01,2.224750154900356236e+01,6.837160402084619948e-01,1.662158114557279021e+01,1.787056492423780618e+00,-3.906988111782899509e+00,5.134437808668085523e+00,9.880932338442084628e+00,7.419096218234310314e+00,-6.025465343884102509e+01,3.362149219431503155e+01,-2.833279020212055244e+00,6.029313390467720968e-01,2.076989509018070557e+00,6.529259447026843910e-01,8.329178065040941936e-01,1.004854218337677824e-01
6.138888888888889284e-01,1.493800232381194526e+01,2.831527805815512444e-01,2.223185250069573726e+01,6.858528602211090286e-01,1.666095050668439725e+01,1.765638228938683829e+00,-4.140983815291148673e+00,5.018216651831298059e+00,1.036597282525277031e+01,7.537535404775281833e+00,-6.008484755282356105e+01,3.369411700925596165e+01,-2.864638707976840948e+00,6.146278517048346934e-01,2.049381998286119000e+00,6.354387048468813637e-01,8.427643108601170496e-01,9.452254455938607913e-02
6.177777777777777590e-01,1.500287451454412135e+01,2.839498697688713769e-01,2.221529477043625533e+01,6.882979659806749417e-01,1.670220391911803759e+01,1.744027225234979328e+00,-4.374305812865739718e+00,4.902361624951646846e+00,1.084988745036897662e+01,7.656188331288394266e+00,-5.990818293826417573e+01,3.375873416758098955e+01,-2.897429774560368543e+00,6.272686976914332302e-01,2.021738396134294291e+00,6.180079627293109112e-01,8.522629814435658258e-01,8.877671102346654242e-02
6.216666666666667007e-01,1.506791079195445526e+01,2.848497162921025949e-01,2.219783102995234358e+01,6.910105788082946399e-01,1.674533717233531860e+01,1.722240971760621964e+00,-4.606927512187222185e+00,4.786949511319548378e+00,1.133276243615678958e+01,7.775093783219209520e+00,-5.972470119521366172e+01,3.381535289087597818e+01,-2.931728945449392221e+00,6.409219934535538288e-01,1.994050940155352558e+00,6.006258295981514728e-01,8.614194344264904935e-01,8.324372010212229001e-02
6.255555555555556424e-01,1.513311845888822837e+01,2.858447383614377002e-01,2.217946405406834742e+01,6.939512503929793352e-01,1.679034639019242547e+01,1.700298042624427408e+00,-4.838822484958147818e+00,4.672061070196529720e+00,1.181468353799811410e+01,7.894291298801754841e+00,-5.953444507590685220e+01,3.386398487067091878e+01,-2.967618346837555432e+00,6.556616123260722295e-01,1.966311808537498207e+00,5.832844025596884974e-01,8.702391232878903260e-01,7.791951854430960445e-02
6.294444444444444731e-01,1.519850480376416080e+01,2.869273502214809146e-01,2.216019672005913321e+01,6.970819984320608675e-01,1.683722802916332384e+01,1.678218203670454933e+00,-5.069964471361718239e+00,4.557781437650707090e+00,1.229573606446748357e+01,8.013821092284441505e+00,-5.933745847341144497e+01,3.390464424985466252e+01,-3.005185989408007519e+00,6.715678050884148487e-01,1.938513116485527377e+00,5.659757602256498821e-01,8.787273426146589017e-01,7.280019726314740369e-02
6.333333333333334147e-01,1.526407710186460243e+01,2.880899937169578706e-01,2.214003200698634544e+01,7.003664091067630659e-01,1.688597887664122510e+01,1.656022529285499090e+00,-5.300327384475995274e+00,4.444200570286980678e+00,1.277600489735617906e+01,8.133723986820131202e+00,-5.913378641003707514e+01,3.393734760383445348e+01,-3.044526305061181493e+00,6.887279029629231886e-01,1.910646912596204228e+00,5.486919578144729970e-01,8.868892317837779871e-01,6.788198689197445790e-02
6.372222222222222454e-01,1.532984261661927050e+01,2.893251671220949950e-01,2.211897299501746517e+01,7.037697095520731860e-01,1.693659604931746898e+01,1.633733528451661643e+00,-5.529885314642373650e+00,4.331413735413674360e+00,1.325557451154976185e+01,8.254041355903323662e+00,-5.892347502550703808e+01,3.396211392141955088e+01,-3.085740743473483150e+00,7.072371172671730877e-01,1.882705175185634294e+00,5.314250227051779962e-01,8.947297785291452588e-01,6.316125390589590050e-02
6.411111111111111871e-01,1.539580860088283920e+01,2.906254511753181280e-01,2.209702286472811394e+01,7.072588137413599041e-01,1.698907699163765628e+01,1.611375280511201602e+00,-5.758612533787788479e+00,4.219522051023525400e+00,1.373452899476474443e+01,8.374815072378877900e+00,-5.870657156489566120e+01,3.397896458541082865e+01,-3.128938436415467095e+00,7.271994505067728154e-01,1.854679808566262356e+00,5.141669504389594358e-01,9.022538223964950976e-01,5.863449833783786203e-02
6.450000000000000178e-01,1.546198229820657311e+01,2.919835323235376867e-01,2.207418489638745385e+01,7.108023452851612856e-01,1.704341947433403703e+01,1.588973581037344207e+00,-5.986483499699380317e+00,4.108633078577189401e+00,1.421295206714994919e+01,8.496087464169390202e+00,-5.848312436633387534e+01,3.398792335288123212e+01,-3.174236938982036627e+00,7.487287350128070118e-01,1.826562639271198885e+00,4.969096985776377817e-01,9.094660580895483903e-01,5.429834808439545912e-02
6.488888888888889594e-01,1.552837094410462271e+01,2.933922232338996294e-01,2.205046246922727349e+01,7.143706405800270831e-01,1.709962159303407248e+01,1.566556098094455507e+00,-6.213472860251096463e+00,3.998861470869389478e+00,1.469092710075896058e+01,8.617901275974672259e+00,-5.825318284848655281e+01,3.398901633513400355e+01,-3.221763058327855145e+00,7.719498209854341875e-01,1.798345412223396167e+00,4.796451834719593910e-01,9.163710387106166477e-01,5.014955758904235394e-02
6.527777777777779011e-01,1.559498176731483454e+01,2.948444806753383607e-01,2.202585906069454325e+01,7.179357355739733881e-01,1.715768176694432867e+01,1.544152539013708525e+00,-6.439555457580954823e+00,3.890329676110744206e+00,1.516853713889835298e+01,8.740299636287547358e+00,-5.801679749780372219e+01,3.398227197732883553e+01,-3.271653782202037508e+00,7.969999373403865439e-01,1.770019786847304655e+00,4.623652745541511622e-01,9.229731788985949814e-01,4.618500355344502817e-02
6.566666666666667318e-01,1.566182199105469763e+01,2.963334209076081138e-01,2.200037824568795131e+01,7.214713391748422966e-01,1.721759873760948523e+01,1.521794827594286081e+00,-6.664706332218446327e+00,3.783168697616313469e+00,1.564586491535798984e+01,8.863326029150714547e+00,-5.777401985554969599e+01,3.396772103776709173e+01,-3.324057321590742298e+00,8.240302538902395391e-01,1.741577333120449822e+00,4.450617895899816601e-01,9.292767578673279960e-01,4.240168193642770283e-02
6.605555555555555625e-01,1.572889883427256841e+01,2.978523327424396627e-01,2.197402369577841341e+01,7.249527960434080098e-01,1.727937156774586569e+01,1.499517291351351256e+00,-6.888900727161018978e+00,3.677518905958101492e+00,1.612299287352879418e+01,8.987024270147980332e+00,-5.752490250461251975e+01,3.394539656683033257e+01,-3.379134284169698965e+00,8.532076778255258676e-01,1.713009527562420198e+00,4.277264898399136817e-01,9.352859223471092776e-01,3.879670517089896242e-02
6.644444444444445041e-01,1.579621951289460036e+01,2.993946884604574699e-01,2.194679917841384054e+01,7.283570412081857848e-01,1.734299964014907047e+01,1.477356858054400091e+00,-7.112114091898805057e+00,3.573530896869201445e+00,1.660000318541353792e+01,9.111438486183400798e+00,-5.726949905609744462e+01,3.391533388556801754e+01,-3.437058998122442866e+00,8.847169267677649218e-01,1.684307749158674206e+00,4.103510747892664123e-01,9.410046894320502897e-01,3.536729905207312147e-02
6.683333333333334458e-01,1.586379123799913593e+01,3.009541527215328638e-01,2.191870855610841673e+01,7.316625486305157189e-01,1.740848265704858022e+01,1.455353260053129150e+00,-7.334322086386850792e+00,3.471366383288343016e+00,1.707697776403182743e+01,9.236613096584733285e+00,-5.700786413570764211e+01,3.387757056393199662e+01,-3.498021009294062900e+00,9.187629246838840968e-01,1.655463275216480623e+00,3.929271772687988884e-01,9.464369493359643393e-01,3.211080012206428413e-02
6.722222222222222765e-01,1.593162122423902183e+01,3.025245899232686941e-01,2.188975578561644042e+01,7.348492755495849016e-01,1.747582063822206422e+01,1.433549245690940221e+00,-7.555500584963928290e+00,3.371199103366440131e+00,1.755399829747572227e+01,9.362592804178255790e+00,-5.674005336991530868e+01,3.383214639865682472e+01,-3.562226778749846723e+00,9.555735792638105908e-01,1.626467277150348334e+00,3.754463580047661120e-01,9.515864680592257541e-01,2.902465296639178405e-02
6.761111111111111072e-01,1.599971668796620250e+01,3.041000698218487286e-01,2.185994491709111998e+01,7.378986041563793119e-01,1.754501392061900589e+01,1.411990793386254106e+00,-7.775625680217239655e+00,3.273215717649163636e+00,1.803114626100839502e+01,9.489422582128794303e+00,-5.646612337192704700e+01,3.377910339078785995e+01,-3.629901612749794282e+00,9.954030115253038602e-01,1.597310816194112748e+00,3.579001002764282124e-01,9.564568899691457959e-01,2.610640736241135948e-02
6.800000000000000488e-01,1.606808484540803050e+01,3.056748718116554797e-01,2.182928009322835194e+01,7.407932818881052262e-01,1.761606315789869015e+01,1.390727325810875437e+00,-7.994673686792065581e+00,3.177616657630303099e+00,1.850850292923306029e+01,9.617147663306379712e+00,-5.618613172744647954e+01,3.371848572285902179e+01,-3.701291863129905657e+00,1.038535321006721190e+00,1.567984839036930422e+00,3.402798047359369416e-01,9.610517402960998545e-01,2.335371655956168177e-02
6.838888888888889905e-01,1.613673291594797021e+01,3.072434881548872787e-01,2.179776554839590119e+01,7.435173614039888301e-01,1.768896931943664796e+01,1.369811919920428833e+00,-8.212621145145675428e+00,3.084616874126771435e+00,1.898614939900261689e+01,9.745813535317962462e+00,-5.590013698023849997e+01,3.365033973572500514e+01,-3.776667443348162401e+00,1.085288992305592171e+00,1.538480173380242455e+00,3.225767836555237245e-01,9.653744275477913472e-01,2.076433408607465669e-02
6.877777777777778212e-01,1.620566812335215445e+01,3.088006262123286216e-01,2.176540560774799715e+01,7.460561410997419429e-01,1.776373368966936184e+01,1.349301506294486863e+00,-8.429444825244770456e+00,2.994446417302050634e+00,1.946416660790188047e+01,9.875465936160511049e+00,-5.560819861749777715e+01,3.357471390505374842e+01,-3.856324714321989422e+00,1.136022066798958674e+00,1.508787523412785880e+00,3.047822551157940429e-01,9.694282458437719630e-01,1.833611170498168630e-02
6.916666666666666519e-01,1.627489769699338851e+01,3.103412098914626327e-01,2.173220468632570501e+01,7.483961068413752526e-01,1.784035786751069352e+01,1.329257050547846264e+00,-8.645121730205596933e+00,2.907350760814593205e+00,1.994263535266005860e+01,1.000615085169108553e+01,-5.531037705502625812e+01,3.349165881748620421e+01,-3.940589805057352457e+00,1.191138237940200240e+00,1.478897465200637917e+00,2.868873376786002516e-01,9.732163771723528756e-01,1.606699752561696615e-02
6.955555555555555935e-01,1.634442887307316283e+01,3.118603804785525235e-01,2.169816728814327078e+01,7.505248754480429163e-01,1.791884376583984917e+01,1.309743707739014829e+00,-8.859629099876094926e+00,2.823590761165013951e+00,2.042163630749915271e+01,1.013791451474362582e+01,-5.500673362222283913e+01,3.340122714647233693e+01,-4.029822446463512620e+00,1.251094059036617523e+00,1.448800441989190224e+00,2.688830441875358912e-01,9.767418935719696105e-01,1.395503365201251726e-02
6.994444444444445352e-01,1.641426889584167981e+01,3.133534970102673789e-01,2.166329800526059302e+01,7.524311403259468234e-01,1.799919361106048399e+01,1.290830938917754134e+00,-9.072944414359236376e+00,2.743442121334935369e+00,2.090125004242315754e+01,1.027080340574132045e+01,-5.469733054688924767e+01,3.330347362779372844e+01,-4.124420413328491186e+00,1.316407505674967782e+00,1.418486759413936316e+00,2.507602758495816597e-01,9.800077592389179193e-01,1.199835427062984766e-02
7.033333333333333659e-01,1.648442501881643807e+01,3.148161363291900883e-01,2.162760151684217647e+01,7.541046195491192261e-01,1.808140994273094648e+01,1.272592577117936941e+00,-9.285045397477022178e+00,2.667194207839936215e+00,2.138155704145358271e+01,1.040486425466909282e+01,-5.438223093985618561e+01,3.319845503478415338e+01,-4.224824690063782917e+00,1.387668188406955716e+00,1.387946580616784331e+00,2.325098159539108478e-01,9.830168325634175419e-01,1.019518352568868705e-02
7.072222222222221966e-01,1.655490450599942420e+01,3.162440929565987213e-01,2.159108258820268844e+01,7.555360065957288374e-01,1.816549561326525364e+01,1.255106828334551672e+00,-9.495910020174314070e+00,2.595148056363738132e+00,2.186263772081622747e+01,1.054014404428606788e+01,-5.406149877943338566e+01,3.308623015326124772e+01,-4.331525501644089005e+00,1.465549590743223218e+00,1.357169921264636869e+00,2.141223238675044882e-01,9.857718680957844315e-01,8.543833958435406370e-03
7.111111111111111382e-01,1.662571463309332032e+01,3.176333789056494106e-01,2.155374606983939145e+01,7.567169238775885987e-01,1.825145378770471893e+01,1.238456191494484493e+00,-9.705516503861820965e+00,2.527613398782168286e+00,2.234457244708440271e+01,1.067669001447018928e+01,-5.373519889568810726e+01,3.296685975618419207e+01,-4.445069383657511253e+00,1.550823802165304910e+00,1.326146644466826841e+00,1.955883282476042762e-01,9.882755184445026764e-01,7.042704575787177811e-03
7.150000000000000799e-01,1.669686268871692292e+01,3.189802235481741244e-01,2.151559689645171858e+01,7.576398791443796910e-01,1.833928794356010883e+01,1.222727280366497915e+00,-9.913843323697639320e+00,2.464904560616246076e+00,2.282744155528365226e+01,1.081454966759902803e+01,-5.340339695455574542e+01,3.284040657805286401e+01,-4.566067506516231056e+00,1.644379350064380185e+00,1.294866455587943443e+00,1.768982207978644916e-01,9.905303361078808821e-01,5.690279211653166691e-03
7.188888888888889106e-01,1.676835597562011770e+01,3.202810736396343172e-01,2.147664008594818696e+01,7.582982247997654968e-01,1.842900187072405771e+01,1.208010530039607788e+00,-1.012086921180670451e+01,2.407335120443897747e+00,2.331132536696329538e+01,1.095377077488068274e+01,-5.306615944178699351e+01,3.270693528906654279e+01,-4.695205521291327067e+00,1.747242894501967791e+00,1.263318896952477344e+00,1.580422493088420310e-01,9.925387752409307041e-01,4.485124959764783328e-03
7.227777777777778523e-01,1.684020181189866605e+01,3.215325935986206862e-01,2.143688073844095499e+01,7.586861201331428495e-01,1.852059967145381592e+01,1.194399771358930940e+00,-1.032657316043752260e+01,2.355211298346245652e+00,2.379630420823966475e+01,1.109440138355816075e+01,-5.272355364673568801e+01,3.256651246906096731e+01,-4.833255261871646447e+00,1.860605771959782828e+00,1.231493342437650185e+00,1.390105107295242504e-01,9.943031933590843474e-01,3.425890441813681138e-03
7.266666666666667940e-01,1.691240753220900217e+01,3.227316661304187595e-01,2.139632403522815807e+01,7.587984964454472792e-01,1.861408576042400398e+01,1.181991658894513408e+00,-1.053093442505545596e+01,2.308824152534649343e+00,2.428245842781620922e+01,1.123648982491828718e+01,-5.237564764599161293e+01,3.241920658124442411e+01,-4.981088725015254681e+00,1.985856673608108469e+00,1.199378991950701190e+00,1.197929442704537967e-01,9.958258529801831127e-01,2.511304622089876367e-03
7.305555555555556246e-01,1.698498048898341395e+01,3.238753932779919742e-01,2.135497523776439266e+01,7.586310250301179225e-01,1.870946486484948323e+01,1.170884941958777681e+00,-1.073393252737214709e+01,2.268440808916756257e+00,2.476986841498551684e+01,1.138008472304368368e+01,-5.202251028686265499e+01,3.226508794575554617e+01,-5.139694862945006548e+00,2.124622125638954806e+00,1.166964865786764838e+00,1.003793241393711455e-01,9.971089232062986252e-01,1.740175336615019767e-03
7.344444444444444553e-01,1.705792805364586329e+01,3.249610979785924059e-01,2.131283968661954731e+01,7.581800879585202102e-01,1.880674202467820422e+01,1.161179574129009184e+00,-1.093554725831045360e+01,2.234295115092314710e+00,2.525861461761833482e+01,1.152523500425299119e+01,-5.166421117071063662e+01,3.210422871306653292e+01,-5.310199871532351956e+00,2.278816984414886448e+00,1.134239798863419191e+00,8.075925164224269370e-02,9.981544812467414429e-01,1.111387510801324988e-03
7.383333333333333970e-01,1.713125761782858447e+01,3.259863262001482243e-01,2.126992280042616912e+01,7.574427516126367443e-01,1.890592259285392274e+01,1.152975664757225349e+00,-1.113575868090417131e+01,2.206578274785954807e+00,2.574877756014448238e+01,1.167198990717968954e+01,-5.130082063614529631e+01,3.193670283725806058e+01,-5.493891853506027267e+00,2.450707871668561300e+00,1.101192434827891864e+00,6.092214842615010367e-02,9.989645138836010796e-01,6.239028223070427343e-04
7.422222222222223387e-01,1.720497659459000772e+01,3.269488497280211847e-01,2.122623007481573154e+01,7.564167429052657265e-01,1.900701223564892572e+01,1.146372285901431365e+00,-1.133454713313222406e+01,2.185430148458744171e+00,2.624043786153104563e+01,1.182039899344591838e+01,-5.093240974208092098e+01,3.176258604919377859e+01,-5.692250998409457807e+00,2.642993491766425507e+00,1.067811220032747421e+00,4.085724783785893433e-02,9.995409188811630319e-01,2.767576207162502429e-04
7.461111111111111693e-01,1.727909241963395459e+01,3.278466696702825867e-01,2.118176708134405217e+01,7.551004281288770104e-01,1.911001693306664961e+01,1.141466159510510225e+00,-1.153189323068673211e+01,2.170931964978375373e+00,2.673367625326241992e+01,1.197051215889156062e+01,-5.055905025066029168e+01,3.158195582962421000e+01,-5.906986774729751311e+00,2.858907161090881832e+00,1.034084397375813147e+00,2.055358731870206290e-02,9.998855063404405996e-01,6.906230503945757105e-05
7.500000000000000000e-01,1.735361255253062041e+01,3.286780207478217641e-01,2.113653946640594938e+01,7.534927943778327863e-01,1.921494297931417705e+01,1.138350261700049160e+00,-1.172777786967432689e+01,2.163101148542772911e+00,2.722857359732761395e+01,1.212237964532357459e+01,-5.018081461005012756e+01,3.139489138225228615e+01,-6.140084111556345370e+00,3.102348856869924454e+00,1.000000000000000222e+00,1.110889918157634555e-12,1.000000000000000000e+00,0.000000000000000000e+00
7.538888888888889417e-01,1.742854447793949646e+01,3.294413764342681294e-01,2.109055295013963871e+01,7.515934334944428530e-01,1.932179698334478957e+01,1.137112392386656401e+00,-1.192218222925039939e+01,2.161888812932449166e+00,2.772521090421964374e+01,1.227605205275412459e+01,-4.979777593711318673e+01,3.120147360679522919e+01,-6.393861211126471211e+00,3.378056914675307887e+00,9.655458448485093603e-01,2.081489360302744146e-02,9.998860384842789273e-01,6.882585421543221374e-05
7.577777777777778834e-01,1.750389570683457663e+01,3.301354550101799901e-01,2.104381332532098625e+01,7.494025284969262346e-01,1.943058586947049093e+01,1.137833767980180655e+00,-1.211508777418569949e+01,2.167180225385091141e+00,2.822366935095212881e+01,1.243158035209952139e+01,-4.941000799996136550e+01,3.100178507207951384e+01,-6.671042559447105447e+00,3.691833573906211807e+00,9.307095260708414530e-01,4.190269458804927322e-02,9.995451765004870204e-01,2.748655295946986123e-04
7.616666666666667140e-01,1.757967377773203310e+01,3.307592265954756861e-01,2.099632645624784288e+01,7.469208424564744986e-01,1.954131687804463269e+01,1.140587700786056979e+00,-1.230647625736479789e+01,2.178798234319206717e+00,2.872403029909807159e+01,1.258901589831496004e+01,-4.901758520039457778e+01,3.079590998920910039e+01,-6.974852009826262744e+00,4.050844578736700896e+00,8.954784082748795671e-01,6.327523407022016266e-02,9.989788859851412850e-01,6.175152319077936540e-04
7.655555555555555447e-01,1.765588625792072008e+01,3.313119212243488820e-01,2.094809827761493182e+01,7.441497098005430688e-01,1.965399756621482652e+01,1.145438429960097704e+00,-1.249632972221620264e+01,2.196509344817079157e+00,2.922637531285593226e+01,1.274841044394294798e+01,-4.862058255623020386e+01,3.058393418484924453e+01,-7.309132686954953328e+00,4.464021964183828572e+00,8.598396196201644193e-01,8.494458310224793640e-02,9.981885572013144969e-01,1.096239645075660794e-03
7.694444444444444864e-01,1.773254074469570796e+01,3.317930380268378499e-01,2.089913479337927882e+01,7.410910300310270538e-01,1.976863580874605830e+01,1.152440164473191420e+00,-1.268463050507340029e+01,2.220031870409291841e+00,2.973078617714786986e+01,1.290981615305575225e+01,-4.821907568352794726e+01,3.036594507467238557e+01,-7.678503182251067649e+00,4.942612719742342620e+00,8.237800447474136201e-01,1.069230613046484035e-01,9.971754997875098558e-01,1.710572475603156298e-03
7.733333333333334281e-01,1.780964486659522450e+01,3.322023555815821760e-01,2.084944207561670382e+01,7.377472638574815722e-01,1.988523979891431637e+01,1.161636388474218462e+00,-1.287136123746661553e+01,2.249045431547898488e+00,3.023734491575549654e+01,1.307328561557450186e+01,-4.781314077871483192e+01,3.014203163701500898e+01,-8.088563536208072335e+00,5.500936976925901334e+00,7.872863175391255908e-01,1.292232473430620088e-01,9.959409437591538738e-01,2.460114541331269531e-03
7.772222222222222587e-01,1.788720628436970372e+01,3.325399434990510272e-01,2.079902626336945204e+01,7.341214317582364091e-01,2.000381804944163733e+01,1.173059464376649874e+00,-1.305650484834488800e+01,2.283201027184002641e+00,3.074613380892339620e+01,1.323887186176643205e+01,-4.740285460061531353e+01,2.991228438679919677e+01,-8.546170560953397555e+00,6.157452354759095137e+00,7.503448137060095835e-01,1.518579881447930935e-01,9.944860404635815776e-01,3.344534136993236768e-03
7.811111111111110894e-01,1.796523268857379918e+01,3.328061752417637575e-01,2.074789356148538388e+01,7.302171149950620332e-01,2.012437939309713997e+01,1.186730550267611983e+00,-1.324004456622812675e+01,2.322130966532264029e+00,3.125723540384509391e+01,1.340662837480115499e+01,-4.698829445239123004e+01,2.967679534977600753e+01,-9.059811354194350130e+00,6.936274329721721088e+00,7.129416431938102594e-01,1.748404097950744807e-01,9.928118634893895456e-01,4.363565623474439416e-03
7.850000000000000311e-01,1.804373181342203125e+01,3.330017426084523335e-01,2.069605023944890121e+01,7.260384591201389792e-01,2.024693298520522688e+01,1.202659829717526829e+00,-1.342196392128868432e+01,2.365458084393615934e+00,3.177073255963318132e+01,1.357660911462984288e+01,-4.656953816339682817e+01,2.943565803715292617e+01,-9.640118442108375874e+00,7.869390290498800233e+00,6.750626424049830376e-01,1.981839276808254890e-01,9.909194095309735717e-01,5.517009201203285605e-03
7.888888888888889728e-01,1.812271142486998698e+01,3.331276711620565489e-01,2.064350263020391907e+01,7.215901800272458422e-01,2.037148830343753403e+01,1.220847028870972739e+00,-1.360224674736225481e+01,2.412803838038848792e+00,3.228670843778439803e+01,1.374886852479317589e+01,-4.614666407095350564e+01,2.918896742067231642e+01,-1.030059343107073744e+01,8.999953936087583983e+00,6.366933662294665952e-01,2.219022575184751711e-01,9.888095992090353281e-01,6.804730471163067916e-03
7.927777777777778034e-01,1.820217932636055380e+01,3.331853374669933032e-01,2.059025712896916005e+01,7.168775726123367553e-01,2.049805514950771013e+01,1.241282184846412617e+00,-1.378087718388773908e+01,2.463795061740239767e+00,3.280524653007050517e+01,1.392346155145184738e+01,-4.571975100204946330e+01,2.893681990821332306e+01,-1.105864475279757109e+01,1.038730709749293268e+01,5.978190798786779947e-01,2.460094263515145985e-01,9.864832778478108688e-01,8.226660099523157299e-03
7.966666666666667451e-01,1.828214336008667118e+01,3.331764877752638743e-01,2.053632019204601988e+01,7.119065221211194894e-01,2.062664365049171522e+01,1.263946613328385871e+00,-1.395783967777580692e+01,2.518069310976016606e+00,3.332643067700469430e+01,1.410044365970423108e+01,-4.528887825496915553e+01,2.867931331999611899e+01,-1.193711095625729968e+01,1.211484699441978563e+01,5.584247505166630710e-01,2.705197843071323049e-01,9.839412162097347370e-01,9.782792789205388764e-03
8.005555555555556868e-01,1.836261140825918048e+01,3.331032582900491645e-01,2.048169833561937381e+01,7.066835182736129761e-01,2.075726426022006876e+01,1.288814018230203473e+00,-1.413311898520591114e+01,2.575278848136194121e+00,3.385034508638041473e+01,1.427987085020709301e+01,-4.485412558085771195e+01,2.841654686547405362e+01,-1.296655700698094726e+01,1.430274188535879532e+01,5.184950386821731705e-01,2.954480161958768503e-01,9.811841111882342314e-01,1.147318769069115459e-02
8.044444444444445175e-01,1.844359139438046924e+01,3.329681970416792369e-01,2.042639813455144093e+01,7.012156722663084318e-01,2.088992776074229241e+01,1.315851684594489202e+00,-1.430670017335142319e+01,2.635093401594210238e+00,3.437707435188915639e+01,1.446179967609506889e+01,-4.441557316522533227e+01,2.814862112100605174e+01,-1.418884352338008625e+01,1.712923553971195290e+01,4.780142894952686961e-01,3.208091538365894779e-01,9.782125864592601250e-01,1.329796739343598773e-02
8.083333333333333481e-01,1.852509128452384601e+01,3.327742873975070848e-01,2.037042622116915780e+01,6.955107367623202252e-01,2.102464526386403776e+01,1.345021699130167558e+00,-1.447856862203283512e+01,2.697201873879848666e+00,3.490670347182123834e+01,1.464628726019420846e+01,-4.397330160939656452e+01,2.787563800841125072e+01,-1.566287600392588431e+01,2.086786968730332958e+01,4.369665236418290855e-01,3.466185882282468156e-01,9.750271930922215224e-01,1.525731854597556919e-02
8.122222222222222898e-01,1.860711908861895836e+01,3.325249732097838029e-01,2.031378928404518902e+01,6.895771289867873577e-01,2.116142821275695241e+01,1.376282149585392300e+00,-1.464871002529860000e+01,2.761313189824444958e+00,3.543931786785505267e+01,1.483339131252633791e+01,-4.352739191190983803e+01,2.759770077451577563e+01,-1.747426348540615848e+01,2.595581913294596177e+01,3.953354281292131844e-01,3.728920830957669907e-01,9.716284101208507717e-01,1.735149065359456802e-02
8.161111111111112315e-01,1.868968286174375493e+01,3.322241855834746072e-01,2.025649406677302267e+01,6.834239570492613991e-01,2.130028838364192367e+01,1.409588263228755078e+00,-1.481711039293364962e+01,2.827156470442755865e+00,3.597500340394039142e+01,1.502317014810221885e+01,-4.307792544987233185e+01,2.731491397181260083e+01,-1.975238450048396999e+01,3.312703110810452500e+01,3.531043468060622303e-01,3.996457875619748856e-01,9.680166450745943951e-01,1.958079663699686251e-02
8.200000000000000622e-01,1.877279070542302009e+01,3.318763712180049508e-01,2.019854736673626761e+01,6.770610496147283497e-01,2.144123788754588844e+01,1.444893454775620700e+00,-1.498375605189528770e+01,2.894480700751683067e+00,3.651384640528071657e+01,1.521568270500148756e+01,-4.262498396027499581e+01,2.702738344036659512e+01,-2.270245909286320085e+01,4.369123003732708099e+01,3.102562706390634695e-01,4.268962501354133798e-01,9.641922344710198711e-01,2.194561236285510336e-02
8.238888888888888928e-01,1.885645076893398553e+01,3.314865222423515889e-01,2.013995603387252231e+01,6.704989890398805885e-01,2.158428917213266374e+01,1.482150264061189882e+00,-1.514863364767632881e+01,2.963054035918215146e+00,3.705593367741992950e+01,1.541098856273885609e+01,-4.216864952127325950e+01,2.673521629110999598e+01,-2.667066417106754272e+01,6.017467453562665014e+01,2.667738277392818214e-01,4.546604326685226849e-01,9.601554442697266545e-01,2.444637675974708352e-02
8.277777777777778345e-01,1.894067125061911128e+01,3.310602074208938150e-01,2.008072696943210289e+01,6.637491480788243470e-01,2.172945502360826708e+01,1.521311172816942170e+00,-1.531173014559542978e+01,3.032662864516847190e+00,3.760135252543878437e+01,1.560914796091602597e+01,-4.170900453343827508e+01,2.643852089068704103e+01,-3.229024436479892302e+01,8.797781037712933028e+01,2.226392731304320527e-01,4.829557251219744329e-01,9.559064702882379416e-01,2.708359166990704017e-02
8.316666666666667762e-01,1.902546039920649079e+01,3.306036045564740289e-01,2.002086712473190033e+01,6.568237302414328127e-01,2.187674856870101436e+01,1.562329297548965767e+00,-1.547303283201440216e+01,3.103110723100594104e+00,3.815019077326643782e+01,1.581022181816026517e+01,-4.124613170098414372e+01,2.613740684802373693e+01,-4.085689865912060270e+01,1.404192732383541511e+02,1.778344782512737143e-01,5.117999601175311497e-01,9.514454385802827430e-01,2.985782197961847628e-02
8.355555555555556069e-01,1.911082651513804009e+01,3.301235338570423505e-01,1.996038349990460503e+01,6.497358138548607887e-01,2.202618327671704890e+01,1.605158961519099758e+00,-1.563252931548254132e+01,3.174217134329921919e+00,3.870253678311244272e+01,1.601427175135003012e+01,-4.078011401297596450e+01,2.583198500281557841e+01,-5.550183595386351243e+01,2.581971588395225012e+02,1.323409201840143046e-01,5.412114287511060606e-01,9.467724057768696078e-01,3.276969552279641179e-02
8.394444444444444375e-01,1.919677795190591851e+01,3.296274919612973142e-01,1.989928314264364673e+01,6.424993998316637089e-01,2.217777296167163215e+01,1.649756153186508145e+00,-1.579020752780777137e+01,3.245816422243687160e+00,3.925847947502484914e+01,1.622136009512982469e+01,-4.031103472452406322e+01,2.552236741614689564e+01,-8.622435450018562619e+01,6.205936373056350703e+02,8.613967060045614466e-02,5.712088962557988481e-01,9.418873593905306985e-01,3.581990354083143535e-02
8.433333333333333792e-01,1.928332311739726990e+01,3.291236862370380267e-01,1.983757314694413765e+01,6.351294630831521015e-01,2.233153178449676446e+01,1.696078881321676279e+00,-1.594605572505475699e+01,3.317756542999544589e+00,3.981810834657947140e+01,1.643154992171604434e+01,-3.983897733796962370e+01,2.520866736347817394e+01,-1.915859966078774335e+02,3.049649878770618216e+03,3.921138441728167640e-02,6.018116183747324044e-01,9.367902180830818271e-01,3.900920042974387325e-02
8.472222222222223209e-01,1.937047047524782428e+01,3.286210688725365592e-01,1.977526065184005333e+01,6.276420074294026819e-01,2.248747425532561550e+01,1.744087438587814898e+00,-1.610006248846969967e+01,3.389897957324155886e+00,4.038151349270630419e+01,1.664490506099635070e+01,-3.936402558406674501e+01,2.489099933026326283e+01,8.979838554009519385e+02,6.664941888194266357e+04,-8.463711848295005918e-03,6.330393582675133413e-01,9.314808318972044310e-01,4.233840416571054560e-02
8.511111111111111516e-01,1.945822854620441333e+01,3.281293701768212556e-01,1.971235284013791400e+01,6.200541237434465947e-01,2.264561523585436120e+01,1.793744585959418547e+00,-1.625221672533203332e+01,3.462112561598017280e+00,4.094878562565827451e+01,1.686149012092595711e+01,-3.888626340316614005e+01,2.456947901048702576e+01,1.351562948045422843e+02,1.501121207161659868e+03,-5.690583203163112475e-02,6.649124038940298353e-01,9.259589824521275991e-01,4.580839668310546231e-02
8.549999999999999822e-01,1.954660590949691823e+01,3.276591303896160823e-01,1.964885693714740356e+01,6.123840509204305782e-01,2.280596994178195303e+01,1.845015670175043088e+00,-1.640250766973299079e+01,3.534282687501513642e+00,4.152001609512833369e+01,1.708137050822397640e+01,-3.840577492640566248e+01,2.424422330844743811e+01,7.335084750351956018e+01,4.393275648173930676e+02,-1.061356425918430629e-01,6.974515860139608447e-01,9.202243831037177912e-01,4.942012391053524772e-02
8.588888888888889239e-01,1.963561120421980632e+01,3.272217291781603921e-01,1.958478020940897935e+01,6.046512390775775625e-01,2.296855394532843064e+01,1.897868685733681282e+00,-1.655092488328094902e+01,3.606300175025403121e+00,4.209529690852002659e+01,1.730461244937371035e+01,-3.792264445691278496e+01,2.391535034414259542e+01,5.047070185524172814e+01,2.065543734914218987e+02,-1.561742752107173338e-01,7.306782966978780935e-01,9.142766790691382317e-01,5.317459626327527417e-02
8.627777777777778656e-01,1.972525313072361186e+01,3.268294118684715865e-01,1.952012996341899509e+01,5.968764141604898654e-01,2.313338317783232156e+01,1.952274291936981765e+00,-1.669745825573377829e+01,3.678065520001799982e+00,4.267472075137761323e+01,1.753128301193138228e+01,-3.743695645102431513e+01,2.358297946266527489e+01,3.855480895015853804e+01,1.196265074313206753e+02,-2.070433397292663624e-01,7.646145079798168931e-01,9.081154475163717432e-01,5.707288906158529407e-02
8.666666666666666963e-01,1.981554045201671954e+01,3.264953113278100116e-01,1.945491354435239018e+01,5.890816428494431989e-01,2.330047393242785958e+01,2.008205794304408265e+00,-1.684209800555813885e+01,3.749487094800580067e+00,4.325838100798165442e+01,1.776145012614774288e+01,-3.694879549952820241e+01,2.324723124805563401e+01,3.124879381870959349e+01,7.794406415277214251e+01,-2.587649374321709939e-01,7.992827921588909756e-01,9.017401976187044976e-01,6.111614288156252267e-02
8.705555555555556380e-01,1.990648199517764994e+01,3.262334642886013381e-01,1.938913833478347470e+01,5.812903963196902613e-01,2.346984286680265086e+01,2.065639098459961964e+00,-1.698483468041596467e+01,3.820480439182135868e+00,4.384637178211526276e+01,1.799518260690771854e+01,-3.645824630893284279e+01,2.290822754211671608e+01,2.631356103605289221e+01,5.478328871009478007e+01,-3.113616746906285315e-01,8.347063414625208733e-01,8.951503705744134898e-01,6.530556425668922194e-02
8.744444444444445796e-01,1.999808665277826591e+01,3.260588207901123914e-01,1.932281175340486712e+01,5.735276110073934674e-01,2.364150700603637745e+01,2.124552643385185569e+00,-1.712565915757812363e+01,3.890967617277033330e+00,4.443878791800739947e+01,1.823255017599307948e+01,-3.596539368276885540e+01,2.256609146875976890e+01,2.275805262522850114e+01,4.059306967425498414e+01,-3.648566769744819860e-01,8.709089892537923427e-01,8.883453395917195738e-01,6.964242578882649803e-02
8.783333333333334103e-01,2.009036338431819502e+01,3.259872453223502387e-01,1.925594125374497523e+01,5.658197440650318821e-01,2.381548374552128777e+01,2.184927319805571866e+00,-1.726456264426533949e+01,3.960876636101652526e+00,4.503572502145909340e+01,1.847362348467440896e+01,-3.547032250292852495e+01,2.222094746451645975e+01,2.007605054683601153e+01,3.127130410667885840e+01,-4.192736032447844652e-01,9.079152316883710716e-01,8.813244098391462833e-01,7.412806717551270741e-02
8.822222222222222410e-01,2.018332121767071996e+01,3.260355081990998771e-01,1.918853432288435457e+01,5.581948206589133488e-01,2.399179085396534461e+01,2.246746378455181326e+00,-1.740153667791684455e+01,4.030140920783385816e+00,4.563727948115833044e+01,1.871847413663759951e+01,-3.497311771104773470e+01,2.187292131593676459e+01,1.798199827215547941e+01,2.481888128699955587e+01,-4.746366607383907810e-01,9.457502497360362748e-01,8.740868183613806908e-01,7.876389564087102335e-02
8.861111111111111827e-01,2.027696925054054233e+01,3.262212656765127727e-01,1.912059848017106489e+01,5.506824696728667146e-01,2.417044647647844968e+01,2.309995332061268947e+00,-1.753657312638646815e+01,4.098698841657111736e+00,4.624354849018962454e+01,1.896717471125172594e+01,-3.447386428993586094e+01,2.152214020468281319e+01,1.630258223437487075e+01,2.016690402741938826e+01,-5.309706201563885175e-01,9.844399321296252170e-01,8.666317339606437464e-01,8.355138631773828539e-02
8.900000000000001243e-01,2.037131664962429056e+01,3.265630273482911794e-01,1.905214127593553997e+01,5.433139437538704319e-01,2.435146913694616799e+01,2.374661853841475878e+00,-1.766966418806683947e+01,4.166493288533327899e+00,4.685463006260886232e+01,1.921979878542743947e+01,-3.397264724505839695e+01,2.116873276123681435e+01,1.492651743189957081e+01,1.670170515176945614e+01,-5.883008312686694996e-01,1.024010899062286484e+00,8.589582570436918862e-01,8.849208384654609627e-02
8.938888888888889550e-01,2.046637265685051332e+01,3.270801096640385541e-01,1.898317029020494928e+01,5.361221189918290442e-01,2.453487774287054890e+01,2.440735675979987640e+00,-1.780080239194148106e+01,4.233471287670815819e+00,4.747062306590269998e+01,1.947642096117544241e+01,-3.346955158607723746e+01,2.081282912826137377e+01,1.377907655661333663e+01,1.405052470727939529e+01,-6.466532389472484654e-01,1.064490526803124171e+00,8.510654194343360013e-01,9.358760222301021336e-02
8.977777777777777857e-01,2.056214659047216031e+01,3.277925742865863690e-01,1.891369313141764152e+01,5.291414689108080438e-01,2.472069158866569083e+01,2.508208488565442984e+00,-1.792998059756542162e+01,4.299583657275063864e+00,4.809162724228788477e+01,1.973711688968382560e+01,-3.296466230845388168e+01,2.045456103479271448e+01,1.280821755174037513e+01,1.197630754935695130e+01,-7.060543996413497503e-01,1.105906972501790486e+00,8.429521841515867919e-01,9.883962591878360515e-02
9.016666666666667274e-01,2.065864784234508633e+01,3.287211505417008128e-01,1.884371743513770170e+01,5.224080069189860343e-01,2.490893035760563734e+01,2.577073840447486663e+00,-1.805719199497425365e+01,4.364784697659207069e+00,4.871774322164201010e+01,2.000196329279026486e+01,-3.245806437512030129e+01,2.009406188260892989e+01,1.197658253433263020e+01,1.032244999425778254e+01,-7.665314983076788602e-01,1.148289200614700079e+00,8.346174451532958338e-01,1.042499107652282014e-01
9.055555555555556690e-01,2.075588588163443404e+01,3.298871417750288138e-01,1.877325086277006960e+01,5.159591909981066093e-01,2.509961412607478337e+01,2.647327044238291904e+00,-1.818243010452212260e+01,4.429031912527978676e+00,4.934907254892619477e+01,2.027103798971204895e+01,-3.194984269822259648e+01,1.973146684630233239e+01,1.125665995486321691e+01,8.982120238979165450e+00,-8.281123658096990470e-01,1.191667009330601434e+00,8.260600270452833627e-01,1.098202852373939831e-01
9.094444444444444997e-01,2.085387025635037972e+01,3.313123156537842728e-01,1.870230110027640080e+01,5.098337843063247554e-01,2.529276336717084561e+01,2.718965085170104157e+00,-1.830568877664888205e+01,4.492285758164173970e+00,4.998571770699433614e+01,2.054441992250881910e+01,-3.144008212094212951e+01,1.936691298880236900e+01,1.062774116667110391e+01,7.880410728529809283e+00,-8.908254968002099483e-01,1.236071058532896894e+00,8.172786847558370926e-01,1.155526508754593645e-01
9.133333333333334414e-01,2.095261059489808986e+01,3.330187792382789391e-01,1.863087585689192238e+01,5.040716656337330681e-01,2.548839895439693137e+01,2.791986534519400820e+00,-1.842696219157661375e+01,4.554509417603016530e+00,5.062778213964137564e+01,2.082218918193796497e+01,-3.092886739939905993e+01,1.900053939434666717e+01,1.007394011762033337e+01,6.963535481081765788e+00,-9.547000681019035540e-01,1.281532898361519068e+00,8.082721031754707131e-01,1.214489834810085628e-01
9.172222222222222721e-01,2.105211660764214798e+01,3.350288402961051348e-01,1.855898286384371332e+01,4.987135844085793246e-01,2.568654216544373625e+01,2.866391467871511001e+00,-1.854624485893608821e+01,4.615668597167812415e+00,5.127537027489695731e+01,2.110442703371169770e+01,-3.041628318464340097e+01,1.863248732118981366e+01,9.582866739296266090e+00,6.192064295830539855e+00,-1.019765957601073136e+00,1.328084998452162546e+00,7.990388967618259342e-01,1.275113342593022503e-01
9.211111111111112137e-01,2.115239808848592773e+01,3.373648570498349319e-01,1.848662987307046279e+01,4.938008563213190372e-01,2.588721468606290088e+01,2.942181388353155125e+00,-1.866353161732324750e+01,4.675731343007109686e+00,5.192858754857159909e+01,2.139121594516413793e+01,-2.990241400473779620e+01,1.826290037667916621e+01,9.144715412866824877e+00,5.536557324044467876e+00,-1.086053763670135952e+00,1.375760778831615294e+00,7.895776091095380034e-01,1.337418310854606440e-01
9.250000000000000444e-01,2.125346491646613245e+01,3.400490792579264898e-01,1.841382465594416473e+01,4.893749977054319689e-01,2.609043861403224440e+01,3.019359154848648696e+00,-1.877881763378622892e+01,4.734667875518827174e+00,5.258754042806161522e+01,2.168263961233742521e+01,-2.938734424693755543e+01,1.789192471772252802e+01,8.751624504720126652e+00,4.974673748700920051e+00,-1.153594825135042301e+00,1.424594640864722317e+00,7.798867124848820609e-01,1.401426792783939390e-01
9.288888888888889861e-01,2.135532705736301651e+01,3.431034841773136779e-01,1.834057500199386581e+01,4.854772996324626111e-01,2.629623646321430286e+01,3.097928915132275307e+00,-1.889209840324330614e+01,4.792450439770147952e+00,5.325233643642034309e+01,2.197878298749634496e+01,-2.887115813997174740e+01,1.751970928013500028e+01,8.397217367842900515e+00,4.489211898390752076e+00,-1.222421241804297232e+00,1.474622000050920256e+00,7.699646073249868383e-01,1.467161631971878044e-01
9.327777777777778168e-01,2.145799456532652272e+01,3.465496114887019474e-01,1.826688871763194300e+01,4.821483462097809758e-01,2.650463116770884753e+01,3.177896043788096314e+00,-1.900336974783214217e+01,4.849053170223894149e+00,5.392308417670172105e+01,2.227973230708041541e+01,-2.835393973643111565e+01,1.714640604089260023e+01,8.076267529050339178e+00,4.066752967272203811e+00,-1.292565895576643697e+00,1.525879319540022649e+00,7.598096217014331799e-01,1.534646474552542050e-01
9.366666666666667584e-01,2.156147758451878360e+01,3.504084016295040405e-01,1.819277362488287864e+01,4.794274856739930701e-01,2.671564608610072966e+01,3.259267084745911536e+00,-1.911262781619071305e+01,4.904451968264095463e+00,5.459989335658428189e+01,2.258557512010374779e+01,-2.783577289526627396e+01,1.677217031795222013e+01,7.784450553998967237e+00,3.696704838986224040e+00,-1.364062472145193272e+00,1.578404144375425755e+00,7.494200107478649064e-01,1.603905780682716997e-01
9.405555555555555891e-01,2.166578635077326354e+01,3.547000421290959493e-01,1.811823756011508735e+01,4.773522672903355302e-01,2.692930500580391850e+01,3.342049698232832711e+00,-1.921986908267039951e+01,4.958624391176672752e+00,5.528287481328156616e+01,2.289640031701207690e+01,-2.731674126440182349e+01,1.639716111304086255e+01,7.518157493394042490e+00,3.370616583262482813e+00,-1.436945483316218963e+00,1.632235137485134269e+00,7.387939560514716897e-01,1.674964841850515029e-01
9.444444444444445308e-01,2.177093119327112092e+01,3.594438264466848776e-01,1.804328837277586217e+01,4.759578614118563089e-01,2.714563214750313236e+01,3.426252611922405045e+00,-1.932509034648176183e+01,5.011549551387421531e+00,5.597214053874740358e+01,2.321229815900770177e+01,-2.679692826347011092e+01,1.602154150368705388e+01,7.274352788450604734e+00,3.081679465377405336e+00,-1.511250289961448168e+00,1.687412116721346056e+00,7.279295650079036228e-01,1.747849790485525023e-01
9.483333333333333615e-01,2.187692253623481520e+01,3.646580294633500197e-01,1.796793392412985568e+01,4.752764838382195767e-01,2.736465216969388692e+01,3.511885576053475067e+00,-1.942828873077334251e+01,5.063208024889484626e+00,5.666780370518200272e+01,2.353336030785226285e+01,-2.627641706666976873e+01,1.564547909179329643e+01,7.050464746460010979e+00,2.824358642978323175e+00,-1.587013125623263354e+00,1.743976092643918507e+00,7.168248701394002165e-01,1.822587621252888535e-01
9.522222222222223031e-01,2.198377090063985406e+01,3.703598031888708508e-01,1.789218208600115290e+01,4.753368483099574826e-01,2.758639017332257737e+01,3.598959322288418861e+00,-1.952946168164407226e+01,5.113581767909055387e+00,5.736997869084775203e+01,2.385967985615860343e+01,-2.575529058575293462e+01,1.526914651725367378e+01,6.844300197161989452e+00,2.594117856908260578e+00,-1.664271120792922609e+00,1.801969308043388063e+00,7.054778283756697466e-01,1.899206203300160545e-01
9.561111111111111338e-01,2.209148690594446762e+01,3.765650954465125655e-01,1.781604073951944400e+01,4.761636720825157543e-01,2.781087170652727991e+01,3.687485526081664577e+00,-1.962860696708980157e+01,5.162654040961087709e+00,5.807878110620080747e+01,2.419135135818217819e+01,-2.523363145314599265e+01,1.489272204654213816e+01,6.653977322561504870e+00,2.387211220025169389e+00,-1.743062327882375140e+00,1.861435278531080373e+00,6.938863202972279653e-01,1.977734295424155297e-01
9.600000000000000755e-01,2.220008127183817948e+01,3.832885933499440290e-01,1.773951777387030049e+01,4.777772586745616112e-01,2.803812276948107751e+01,3.777476772335166100e+00,-1.972572267588440909e+01,5.210409339538964346e+00,5.879432782034739802e+01,2.452847086112364394e+01,-2.471152200520774755e+01,1.451639024787103516e+01,6.477872300014540841e+00,2.200524058382292480e+00,-1.823425746911114809e+00,1.922418834501288920e+00,6.820481493407108964e-01,2.058201566624554835e-01
9.638888888888889062e-01,2.230956482000923558e+01,3.905436923552070283e-01,1.766262108505002004e+01,4.801931789237380288e-01,2.826816981933868433e+01,3.868946524124942776e+00,-1.982080721639610488e+01,5.256833330763625689e+00,5.951673698783143607e+01,2.487113593695380587e+01,-2.418904426562977505e+01,1.414034276649412902e+01,6.314576554324914603e+00,2.031450038538723746e+00,-1.905401351930008591e+00,1.984966164225615781e+00,6.699610409657845711e-01,2.140638609914624346e-01
9.677777777777778478e-01,2.241994847593160500e+01,3.983424906325077619e-01,1.758535857462517171e+01,4.834220665342969236e-01,2.850103977528810972e+01,3.961909094292537681e+00,-1.991385931533951492e+01,5.301912795390170352e+00,6.024612807576232854e+01,2.521944571477292030e+01,-2.366627992898269994e+01,1.376477921605384402e+01,6.162862236821335493e+00,1.877795446784676692e+00,-1.989030118204875963e+00,2.049124859937727638e+00,6.576226417831485538e-01,2.225076966309668391e-01
9.716666666666667895e-01,2.253124327067174093e+01,4.066958075303900300e-01,1.750773814849707932e+01,4.874695377787957029e-01,2.873676002370831739e+01,4.056379619705457351e+00,-2.000487801646392327e+01,5.345635574634520992e+00,6.098262189129003019e+01,2.557350091371607448e+01,-2.314331034441299906e+01,1.338990820461173037e+01,6.021654141627613477e+00,1.737703981209163695e+00,-2.074354050183220721e+00,2.114943961760868074e+00,6.450305186431671833e-01,2.311549135738227012e-01
9.755555555555556202e-01,2.264346034271559915e+01,4.156132240616802753e-01,1.742976771567159489e+01,4.923362375756610287e-01,2.897535842343449630e+01,4.152374038002076162e+00,-2.009386267917858149e+01,5.387990521339831140e+00,6.172634060943593681e+01,2.593340387641710976e+01,-2.262021649949407021e+01,1.301594851721914559e+01,5.890006700919696137e+00,1.609597220274020080e+00,-2.161416210268362281e+00,2.182474008049197778e+00,6.321821576846060609e-01,2.400088603291329892e-01
9.794444444444445619e-01,2.275661093981643646e+01,4.251031426732469476e-01,1.735145518703428991e+01,4.980180066023769392e-01,2.921686331113232171e+01,4.249909066647683531e+00,-2.018081297711543698e+01,5.428967455053269831e+00,6.247740780128800253e+01,2.629925860304351914e+01,-2.209707900423577343e+01,1.264313048065842970e+01,5.767085018892349702e+00,1.492127152383135869e+00,-2.250260748425902069e+00,2.251767082500373274e+00,6.190749633429217802e-01,2.490729856043474577e-01
9.833333333333333925e-01,2.287070642086369787e+01,4.351728630975573719e-01,1.727280847413135945e+01,5.045061572270218564e-01,2.946130350678246757e+01,4.349002184139795446e+00,-2.026572889662994115e+01,5.468557120628859458e+00,6.323594846256776947e+01,2.667117078591531154e+01,-2.157397807525662969e+01,1.227169754038827598e+01,5.652149140743478739e+00,1.384138096302337528e+00,-2.340932932648296827e+00,2.322876867339917162e+00,6.057062573175545639e-01,2.583508407033748289e-01
9.872222222222223342e-01,2.298575825777329840e+01,4.458286708305550516e-01,1.719383548795652672e+01,5.117878405309927992e-01,2.970870831927704003e+01,4.449671613211839016e+00,-2.034861073524076147e+01,5.506751150012425100e+00,6.400208904257812037e+01,2.704924784472050092e+01,-2.105099352012215519e+01,1.190190808483786000e+01,5.544540930711552740e+00,1.284635974081469012e+00,-2.433479180304197964e+00,2.395858694501936004e+00,5.920732774976049662e-01,2.678460813928842388e-01
9.911111111111111649e-01,2.310177803740010916e+01,4.570759347270078599e-01,1.711454413774406902e+01,5.198464830105360424e-01,2.995910755212929999e+01,4.551936305895229573e+00,-2.042945910000879906e+01,5.543542026900199815e+00,6.477595747354042999e+01,2.743359896234093398e+01,-2.052820472185353040e+01,1.153403755807602060e+01,5.443673067903408658e+00,1.192763404827084983e+00,-2.527947090399944141e+00,2.470769600661927967e+00,5.781731768452685882e-01,2.775624703996961706e-01
9.950000000000001066e-01,2.321877746347278659e+01,4.689192103261297095e-01,1.703494232976828826e+01,5.286622698646874507e-01,3.021253150929828735e+01,4.655815930310275519e+00,-2.050827490585635360e+01,5.578923053994558678e+00,6.555768320032994723e+01,2.782433512130236153e+01,-2.000569062361027051e+01,1.116838090857053700e+01,5.349019771595380668e+00,1.107779440805438886e+00,-2.624385476781642801e+00,2.547668384106283046e+00,5.640030222363898726e-01,2.875038796730013391e-01
9.988888888888889372e-01,2.333676835855137810e+01,4.813623457823029694e-01,1.695503796614965353e+01,5.382126520126067071e-01,3.046901100112976479e+01,4.761330859065685317e+00,-2.058505937382704687e+01,5.612888322608693414e+00,6.634739721061737328e+01,2.822156914086167845e+01,-1.948352971355061669e+01,1.080525542923058779e+01,5.260108946987039680e+00,1.029043035037780829e+00,-2.722844402307016409e+00,2.626615661310183647e+00,5.495597932574184386e-01,2.976742925192453204e-01
1.002777777777777768e+00,2.345576266178850133e+01,4.944085875505944139e-01,1.687483894366781101e+01,5.484728558277033317e-01,3.072857734795781326e+01,4.868502158326227125e+00,-2.065981402928726496e+01,5.645432684397250434e+00,6.714523205511301285e+01,2.862541571075987790e+01,-1.896180000987333969e+01,1.044500405207646310e+01,5.176515503919576489e+00,9.559995463441157693e-01,-2.823375214017301627e+00,2.707673929460266304e+00,5.348403809580846158e-01,3.080778065473649963e-01
1.006666666666666821e+00,2.357577244347589840e+01,5.080606839297774346e-01,1.679435315258165673e+01,5.594163775896278112e-01,3.099126239351735990e+01,4.977351581547529769e+00,-2.073254070006967353e+01,5.676551725012257243e+00,6.795132190912050874e+01,2.903599144140711275e+01,-1.844057904604443365e+01,1.008799916942527730e+01,5.097855649154364066e+00,8.881697267064008194e-01,-2.926030579340381799e+00,2.790907626505512606e+00,5.198415865590015894e-01,3.187186358081893212e-01
1.010555555555555651e+00,2.369680989477355126e+01,5.223209837189912719e-01,1.671358847545684512e+01,5.710154483514152668e-01,3.125709850422027714e+01,5.087901559705653831e+00,-2.080324151455980441e+01,5.706241739504287480e+00,6.876580257405292684e+01,2.945341489148756864e+01,-1.791994385621242358e+01,9.734647061873602070e+00,5.023781990630242333e+00,8.251407695933721254e-01,-3.030864523357295059e+00,2.876383196655914798e+00,5.045601201134840563e-01,3.296011138442744848e-01
1.014444444444444482e+00,2.381888733361743959e+01,5.371915293951526893e-01,1.663255278600071918e+01,5.832414588422347723e-01,3.152611857775477233e+01,5.200175195842539289e+00,-2.087191889972617176e+01,5.734499709306001947e+00,6.958881151863468517e+01,2.987780661131803228e+01,-1.739997096081529548e+01,9.385393020626851879e+00,4.953979322056854429e+00,7.665590778057085330e-01,-3.137932467165525097e+00,2.964169156703029273e+00,4.889925991226780067e-01,3.407296961432204063e-01
1.018333333333333535e+00,2.394201720692282365e+01,5.526741433957962357e-01,1.655125394790513838e+01,5.960653378014868498e-01,3.179835604970456941e+01,5.314196260040216835e+00,-2.093857557909489131e+01,5.761323280652015377e+00,7.042048791151761122e+01,3.030928918346040035e+01,-1.688073635238302472e+01,9.040727256254374566e+00,4.888160980040938242e+00,7.121244731175115916e-01,-3.247291267373213941e+00,3.054336164330610170e+00,4.731355471032629989e-01,3.521089629566866996e-01
1.022222222222222143e+00,2.406621209268887895e+01,5.687705069480606390e-01,1.646969981369716862e+01,6.094578805012275113e-01,3.207384490022310786e+01,5.429989185435705856e+00,-2.100321457066930009e+01,5.786710744302809850e+00,7.126097265405725523e+01,3.074798726394523740e+01,-1.636231548153855542e+01,8.701191685131576037e+00,4.826065685032610020e+00,6.615856179940953208e-01,-3.358999256759922503e+00,3.146957089299577071e+00,4.569853921067469349e-01,3.637436225697914804e-01
1.026111111111111196e+00,2.419148470212975610e+01,5.854822311419252134e-01,1.638789822359804660e+01,6.233900270043172265e-01,3.235261966083661633e+01,5.547579065234121032e+00,-2.106583918479580575e+01,5.810661016453631866e+00,7.211040841356292219e+01,3.119402762423983688e+01,-1.584478324320016895e+01,8.367387674613622650e+00,4.767454792747950698e+00,6.147364332697125011e-01,-3.473116286140549125e+00,3.242107087178652591e+00,4.405384651895313253e-01,3.756385138159513692e-01
1.030000000000000027e+00,2.431784788183221124e+01,6.028109202138888234e-01,1.630585700439056751e+01,6.378330918649964820e-01,3.263471542137693859e+01,5.666991650658925295e+00,-2.112645302197620012e+01,5.833173620720617514e+00,7.296893965702949458e+01,3.164753919397591631e+01,-1.532821396298953154e+01,8.039984802237153616e+00,4.712109895161899153e+00,5.714132867808872085e-01,-3.589703767470036944e+00,3.339863674822054485e+00,4.237909988327523969e-01,3.877986093791204181e-01
1.033888888888888857e+00,2.444531461594048594e+01,6.207582272220182329e-01,1.622358396829497451e+01,6.527589485209966957e-01,3.292016783704676897e+01,5.788253349783960111e+00,-2.118505997062768387e+01,5.854248671106963009e+00,7.383671268536318166e+01,3.210865310445482379e+01,-1.481268138384685429e+01,7.719730633947423648e+00,4.659830720278884009e+00,5.314926929225674002e-01,-3.708824718228235895e+00,3.440306809019611389e+00,4.067391253109040594e-01,4.002290192794841217e-01
1.037777777777777910e+00,2.457389802836895143e+01,6.393259024552244707e-01,1.614108691185374767e+01,6.681401726143459952e-01,3.320901313561892465e+01,5.911391227195919029e+00,-2.124166420479115303e+01,5.873886855860979139e+00,7.471387566811020520e+01,3.257750273294659138e+01,-1.429825865285752862e+01,7.407461438699967538e+00,4.610433288151880582e+00,4.948891801424608605e-01,-3.830543807125021516e+00,3.543518967975161527e+00,3.893788750082775030e-01,4.129349937059627607e-01
1.041666666666666741e+00,2.470361138504295795e+01,6.585158350345985401e-01,1.605837361482542391e+01,6.839501490026321795e-01,3.350128812477157680e+01,6.036433004440877603e+00,-2.129627018178878828e+01,5.892089422146477240e+00,7.560057867869966231e+01,3.305422374780079764e+01,-1.378501830829244135e+01,7.104113614350228367e+00,4.563748287401166337e+00,4.615528640009516348e-01,-3.954927401167390055e+00,3.649585234827987357e+00,3.717061746821341273e-01,4.259219265926549314e-01
1.045555555555555571e+00,2.483446809616851780e+01,6.783300882390627118e-01,1.597545183908754929e+01,7.001631473821325891e-01,3.379703019956168220e+01,6.163407061212416771e+00,-2.134888263983156165e+01,5.908858161453217406e+00,7.649697373021103886e+01,3.353895415438677219e+01,-1.327303226686484727e+01,6.810735380193479571e+00,4.519619642072414401e+00,4.314661086348921537e-01,-4.082043614131670495e+00,3.758593384737306753e+00,3.537168456715020781e-01,4.391953595500060481e-01
1.049444444444444624e+00,2.496648171853132325e+01,6.987709291283983326e-01,1.589232932754904404e+01,7.167543713356051560e-01,3.409627735003841309e+01,6.292342437242370856e+00,-2.139950659557759494e+01,5.924195395682211540e+00,7.740321481167761419e+01,3.403183434188144929e+01,-1.276237181120671593e+01,6.528497968834086507e+00,4.477903243298171354e+00,4.046385045256667978e-01,-4.211962356485239312e+00,3.870633974418849821e+00,3.354066020504886114e-01,4.527609846692799977e-01
1.053333333333333455e+00,2.509966595782560361e+01,7.198408530507323100e-01,1.580901380307222936e+01,7.336999853254225767e-01,3.439906816899889463e+01,6.423268834858872900e+00,-2.144814734164237890e+01,5.938103963846385724e+00,7.831945792493613112e+01,3.453300713092345120e+01,-1.225310757756712832e+01,6.258705098977054071e+00,4.438465824068406285e+00,3.810993101022472906e-01,-4.344755386803622166e+00,3.985800435508418893e+00,3.167710487249492668e-01,4.666246490551309578e-01
1.057222222222222285e+00,2.523403467101354991e+01,7.415426036150605249e-01,1.572551296740455129e+01,7.509771237478337635e-01,3.470544185988846664e+01,6.556216622179670495e+00,-2.149481044406146069e+01,5.950587209333019878e+00,7.924586112203533617e+01,3.504261782215260723e+01,-1.174530954373518021e+01,6.002798916984478872e+00,4.401183958619355963e+00,3.608866428072498023e-01,-4.480496364730571557e+00,4.104189170098831774e+00,2.978056794712720667e-01,4.807923580788902029e-01
1.061111111111111338e+00,2.536960186871555578e+01,7.638791886874597425e-01,1.564183450012026988e+01,7.685638857015506531e-01,3.501543824484723899e+01,6.691216836910975019e+00,-2.153950173970664395e+01,5.961648967679051836e+00,8.018258454321309614e+01,3.556081424565329741e+01,-1.123904701719006560e+01,5.762359874844137586e+00,4.365943170630870895e+00,3.440332195645331437e-01,-4.619260905530033767e+00,4.225899649990608076e+00,2.785058749160364555e-01,4.952702796487588599e-01
1.064999999999999947e+00,2.550638171763213791e+01,7.868538929377311142e-01,1.555798605757235897e+01,7.864393186448968009e-01,3.532909777290557685e+01,6.828301190725561298e+00,-2.158222733365657220e+01,5.971293554815029658e+00,8.112979045545510814e+01,3.608774681132280904e+01,-1.073438862348074530e+01,5.539097243570421547e+00,4.332637136673906930e+00,3.305494532245362160e-01,-4.761126636280629931e+00,4.351034520114276383e+00,2.588669004552757169e-01,5.100647482252593790e-01
1.068888888888888999e+00,2.564438854299817550e+01,8.104702874238065569e-01,1.547397527185459509e+01,8.045833936483518523e-01,3.564646152833096693e+01,6.967502074195731865e+00,-2.162299359652257635e+01,5.979525755737380877e+00,8.208764329164758067e+01,3.662356856018394069e+01,-1.023140229483700914e+01,5.334826325081551524e+00,4.301166973246822067e+00,3.204060789167945122e-01,-4.906173253765224729e+00,4.479699704688804296e+00,2.388839041119480422e-01,5.251822692486752819e-01
1.072777777777777830e+00,2.578363683106951854e+01,8.347322366592203613e-01,1.538980974977427429e+01,8.229769745123172164e-01,3.596757123912776422e+01,7.108852562259194485e+00,-2.166180716173062137e+01,5.986350813572638430e+00,8.305630969033313704e+01,3.716843521666191918e+01,-9.730155259015328184e+00,5.151428244051221128e+00,4.271440597342849976e+00,3.135197087362685542e-01,-5.054482584109224241e+00,4.612004515826251705e+00,2.185519143303080170e-01,5.406295228698699828e-01
1.076666666666666661e+00,2.592414123164341788e+01,8.596439035645021542e-01,1.530549707183544683e+01,8.416017826238304522e-01,3.629246928569327935e+01,7.252386420198067007e+00,-2.169867492276042142e+01,5.991774419000194030e+00,8.403595853608653954e+01,3.772250524184839549e+01,-9.230714028380075931e+00,4.990788936364782380e+00,4.243372151850614671e+00,3.097450099918436228e-01,-5.206138644223997858e+00,4.748061770208678922e+00,1.978658377056722317e-01,5.564133692552526433e-01
1.080555555555555713e+00,2.606591656061252849e+01,8.852097526602649147e-01,1.522104479123307641e+01,8.604403590753453290e-01,3.662119870963179835e+01,7.398138110112918220e+00,-2.173360403034250510e+01,5.995802700003673991e+00,8.502676100051857588e+01,3.828593988777205936e+01,-8.733144389223646442e+00,4.854716110546470453e+00,4.216881488246074561e+00,3.088759962521293589e-01,-5.361227705112747266e+00,4.887987903491298525e+00,1.768204566481590967e-01,5.725408523755376455e-01
1.084444444444444544e+00,2.620897780255373277e+01,9.114345518175573924e-01,1.513646043285812581e+01,8.794760252648995413e-01,3.695380322272928453e+01,7.546142797875874386e+00,-2.176660188961420772e+01,5.998442211923328493e+00,8.602889058392364063e+01,3.885890325269866707e+01,-8.237511391326471255e+00,4.744836851413144707e+00,4.191893700020416169e+00,3.106564474828525380e-01,-5.519838357098693749e+00,5.031903094390650644e+00,1.554104269788519344e-01,5.890192054171189406e-01
1.088333333333333375e+00,2.635334011335215365e+01,9.383233728418987063e-01,1.505175149231377851e+01,8.986928429378493455e-01,3.729032721609159040e+01,7.696436360548108979e+00,-2.179767615723557839e+01,5.999699927784702957e+00,8.704252315758313330e+01,3.944156233748308438e+01,-7.743879337759211445e+00,4.662483888023664313e+00,4.168338701131860446e+00,3.147968470836948751e-01,-5.682061577037331723e+00,5.179931389965491739e+00,1.336302754568080564e-01,6.058558552350854498e-01
1.092222222222222427e+00,2.649901882286092203e+01,9.658815911307497837e-01,1.496692543494296856e+01,9.180755744125445039e-01,3.763081576944818352e+01,7.849055394248625639e+00,-2.182683473846603661e+01,5.999583228880885244e+00,8.806783700673732085e+01,4.003408710299553519e+01,-7.252311774928918098e+00,4.608584159444470529e+00,4.146150844492749954e+00,3.209937260083859378e-01,-5.847990797576253286e+00,5.332200836025169366e+00,1.114743972352925105e-01,6.230584277336739252e-01
1.096111111111111036e+00,2.664602943759756215e+01,9.941148846110380299e-01,1.488198969486738932e+01,9.376096435518027628e-01,3.797531466062440586e+01,8.004037222462830670e+00,-2.185408578420287995e+01,5.998099895587882813e+00,8.910501287423974759e+01,4.063665052864514848e+01,-6.762871482870864703e+00,4.583567091186331766e+00,4.125268576125050046e+00,3.289474701714298344e-01,-6.017721978528599358e+00,5.488843612166401265e+00,8.893705324559064707e-02,6.406347526594718955e-01
1.100000000000000089e+00,2.679438764347749924e+01,1.023029232133694455e+00,1.479695167403798628e+01,9.572810978941199700e-01,3.832387037518504513e+01,8.161419904780558454e+00,-2.187943768798244193e+01,5.995258098394440793e+00,9.015423400490816164e+01,4.124942867202590691e+01,-6.275620465787310032e+00,4.587309699175802002e+00,4.105634121153464378e+00,3.383760328297426567e-01,-6.191353680428341555e+00,5.649996171427810410e+00,6.601236750658778796e-02,6.585928693412226309e-01
